Sample	Jun2018_L221_05m_A	Jun2018_L221_05m_B	Jun2018_L221_05m_C	Jun2018_L304_06m_A	Jun2018_L304_06m_B	Jun2018_L304_06m_C	Sep2017_L227_04m_A	Sep2017_L227_04m_B	Sep2017_L227_04m_C
MAG001	556.0	498.0	440.0	809.0	1062.0	1084.0	225.0	121.0	185.0
MAG002	370.0	276.0	226.0	499.0	446.0	454.0	9360.0	3174.0	7771.0
MAG003	96.0	84.0	82.0	8884.0	9842.0	9804.0	130.0	134.0	494.0
MAG004	551.0	502.0	484.0	474.0	708.0	638.0	24052.0	9216.0	25155.0
MAG005	0.0	0.0	0.0	128.0	178.0	120.0	405.0	471.0	323.0
MAG006	0.0	2.0	0.0	4.0	2.0	2.0	0.0	0.0	2.0
MAG007	2.0	4.0	12.0	18.0	16.0	12.0	4.0	0.0	0.0
MAG008	2.0	10.0	2.0	4.0	2.0	0.0	37.0	8.0	14.0
MAG009	8.0	12.0	4.0	20.0	38.0	8.0	2.0	6.0	14.0
MAG010	14.0	16.0	20.0	12.0	12.0	16.0	4.0	0.0	8.0
MAG012	0.0	0.0	0.0	4.0	4.0	8.0	0.0	0.0	0.0
MAG013	252.0	246.0	269.0	324.0	314.0	342.0	22.0	10.0	0.0
MAG014	148742.0	152086.0	135121.0	5960.0	6243.0	5598.0	4.0	0.0	0.0
MAG015	0.0	4.0	2.0	14.0	6.0	12.0	0.0	0.0	0.0
MAG017	9591.0	10684.0	7467.0	438.0	493.0	450.0	0.0	2.0	0.0
MAG018	0.0	0.0	0.0	24.0	32.0	24.0	2.0	0.0	0.0
MAG019	62.0	60.0	72.0	321.0	322.0	324.0	22.0	14.0	12.0
MAG020	1397.0	1453.0	1115.0	335.0	332.0	315.0	322.0	116.0	298.0
MAG021	2.0	0.0	0.0	0.0	2.0	0.0	0.0	0.0	1.0
MAG022	0.0	2.0	0.0	0.0	0.0	0.0	6.0	6.0	20.0
MAG023	2.0	4.0	2.0	27.0	26.0	31.0	13.0	12.0	32.0
MAG024	2.0	0.0	0.0	0.0	0.0	0.0	0.0	0.0	4.0
MAG025	0.0	0.0	2.0	0.0	0.0	0.0			
MAG026	51.0	38.0	43.0	777.0	989.0	834.0	36.0	21.0	4.0
MAG027	132.0	109.0	120.0	55.0	68.0	63.0	52.0	34.0	211.0
MAG028	0.0	0.0	0.0	2.0	2.0	2.0	494.0	370.0	990.0
MAG029	80.0	120.0	78.0	336.0	434.0	358.0	298.0	218.0	456.0
MAG030	16.0	12.0	22.0	0.0	6.0	0.0	48.0	24.0	88.0
MAG031	416.0	430.0	294.0	2204.0	2735.0	2489.0	1266.0	806.0	2416.0
MAG032	177.0	184.0	163.0	142.0	151.0	171.0	156.0	70.0	146.0
MAG034	0.0	0.0	0.0	2.0	2.0	0.0	0.0	0.0	0.0
MAG035	2.0	4.0	0.0	52.0	72.0	76.0	36.0	34.0	54.0
MAG036	0.0	0.0	0.0	0.0	0.0	2.0	0.0	0.0	0.0
MAG037	14.0	0.0	4.0	8.0	12.0	11.0	2.0	4.0	16.0
MAG039	6.0	2.0	2.0	0.0	0.0	0.0	182.0	156.0	376.0
MAG040	19656.0	20192.0	21083.0	28550.0	40420.0	35526.0	553.0	484.0	1467.0
MAG041	0.0	0.0	0.0	22.0	24.0	20.0	0.0	0.0	0.0
MAG042	258.0	240.0	250.0	49.0	57.0	30.0	16680.0	12775.0	11211.0
MAG043	9.0	5.0	4.0	0.0	0.0	0.0	8.0	0.0	6.0
MAG044	324.0	296.0	452.0	102.0	142.0	106.0	42.0	24.0	140.0
MAG045	81.0	60.0	68.0	107.0	164.0	127.0	1230.0	758.0	1376.0
MAG046	1488.0	1502.0	1495.0	727.0	897.0	854.0	368.0	220.0	398.0
MAG047	850.0	900.0	674.0	324.0	364.0	409.0	29.0	30.0	131.0
MAG048	30066.0	30885.0	28291.0	208516.0	263094.0	260897.0	8123.0	6809.0	43472.0
MAG049	496.0	522.0	368.0	10.0	20.0	22.0	15495.0	6539.0	9088.0
MAG050	0.0	0.0	0.0	2.0	2.0	0.0	0.0	0.0	0.0
MAG051	25.0	14.0	28.0	54.0	34.0	44.0	10.0	2.0	24.0
MAG052	0.0	0.0	2.0	0.0	0.0	0.0	61.0	15.0	41.0
MAG053	4.0	2.0	6.0	1148.0	1474.0	1218.0			
MAG054	91861.0	90183.0	78662.0	4849.0	7035.0	5972.0	4068.0	2408.0	2956.0
MAG055	22.0	8.0	6.0	24.0	22.0	29.0	0.0	0.0	4.0
MAG056	36.0	24.0	14.0	61.0	37.0	55.0	270.0	126.0	299.0
MAG057	6.0	2.0	0.0	36.0	36.0	36.0	695.0	226.0	971.0
MAG058	152.0	116.0	98.0	0.0	0.0	0.0	0.0	0.0	0.0
MAG059	628.0	808.0	466.0	592.0	728.0	640.0	248.0	164.0	286.0
MAG060	4.0	4.0	2.0	0.0	2.0	0.0	0.0	0.0	0.0
MAG061	760.0	768.0	512.0	1368.0	1785.0	1693.0	330.0	104.0	132.0
MAG062	399.0	433.0	311.0	9670.0	11838.0	10840.0	678.0	578.0	1039.0
MAG063	910.0	764.0	980.0	16.0	42.0	44.0	2743.0	1586.0	2061.0
MAG064	32.0	26.0	18.0	0.0	0.0	0.0	4.0	8.0	12.0
MAG065	845.0	729.0	900.0	30.0	57.0	38.0	2.0	4.0	2.0
MAG066	830.0	864.0	893.0	1178.0	1504.0	1234.0	459.0	301.0	728.0
MAG067	114.0	124.0	136.0	50.0	80.0	98.0	0.0	0.0	0.0
MAG068	519.0	527.0	438.0	94.0	188.0	131.0	6.0	12.0	18.0
MAG069	138.0	146.0	160.0	67.0	100.0	95.0	284.0	155.0	235.0
MAG070	602.0	621.0	557.0	5064.0	4888.0	4502.0	7147.0	4672.0	14040.0
MAG071	26.0	23.0	28.0	10.0	8.0	20.0	14.0	8.0	2.0
MAG072	11.0	15.0	18.0	4.0	15.0	8.0	0.0	0.0	0.0
MAG073	1757.0	1774.0	1533.0	5128.0	5966.0	5638.0	5466.0	4542.0	14177.0
MAG074	12.0	2.0	0.0	0.0	0.0	0.0	21390.0	15675.0	78533.0
MAG075	0.0	0.0	0.0	2.0	2.0	0.0	0.0	2.0	0.0
MAG076	4.0	6.0	4.0	44.0	82.0	44.0	2276.0	1180.0	1322.0
MAG077	122.0	186.0	166.0	28.0	28.0	24.0	0.0	0.0	0.0
MAG079	4.0	4.0	0.0	274.0	326.0	284.0	188.0	100.0	140.0
MAG080	0.0	0.0	0.0	0.0	2.0	0.0	0.0	0.0	0.0
MAG082	2.0	6.0	4.0	2.0	2.0	10.0	7.0	2.0	9.0
MAG083	16.0	19.0	23.0	60.0	58.0	40.0	12.0	4.0	4.0
MAG084	31.0	18.0	31.0	44.0	64.0	58.0	8.0	12.0	22.0
MAG085	244.0	216.0	216.0	10.0	14.0	8.0	28.0	10.0	24.0
MAG086	65.0	66.0	94.0	164.0	221.0	164.0	22.0	15.0	97.0
MAG087	0.0	2.0	0.0	10.0	26.0	18.0	2.0	2.0	6.0
MAG088	119939.0	110129.0	103813.0	2764.0	3018.0	2816.0	1409.0	837.0	1167.0
MAG089	0.0	0.0	0.0	2.0	0.0	0.0	0.0	0.0	0.0
MAG090	1289.0	1339.0	1292.0	233.0	370.0	230.0	13.0	17.0	30.0
MAG091	0.0	2.0	0.0	0.0	0.0	0.0	4.0	0.0	2.0
MAG092	255.0	273.0	248.0	1186.0	1266.0	1157.0	89.0	40.0	34.0
MAG093	484.0	481.0	656.0	241.0	172.0	207.0	57.0	19.0	64.0
MAG094	22.0	26.0	26.0	1806.0	2112.0	1952.0	414.0	192.0	934.0
MAG096	0.0	2.0	0.0	0.0	0.0	0.0	874.0	536.0	1709.0
MAG097	39098.0	44972.0	41704.0	47360.0	54782.0	57822.0	2840.0	1720.0	6264.0
MAG098	31.0	28.0	16.0	74.0	34.0	48.0	398.0	261.0	574.0
MAG099	1015.0	1010.0	922.0	1509.0	2029.0	1780.0	62.0	51.0	169.0
MAG100	26.0	31.0	18.0	4.0	4.0	0.0	0.0	0.0	6.0
MAG101	0.0	0.0	0.0	0.0	0.0	2.0	884.0	368.0	1180.0
MAG102	370.0	372.0	363.0	24862.0	34080.0	29186.0	85682.0	86412.0	105518.0
MAG104	2.0	2.0	0.0	4.0	2.0	2.0	6.0	0.0	8.0
MAG106	0.0	0.0	0.0	4.0	16.0	13.0	444.0	578.0	6294.0
MAG107	826.0	717.0	726.0	102.0	124.0	101.0	2.0	0.0	10.0
MAG108	395.0	376.0	406.0	42.0	64.0	48.0	122.0	55.0	71.0
MAG109	117496.0	130872.0	100790.0	22160.0	27846.0	26002.0	15446.0	6817.0	8655.0
MAG110	74.0	49.0	62.0	20.0	31.0	33.0	46.0	20.0	50.0
MAG111	116.0	104.0	91.0	94.0	121.0	100.0	298.0	223.0	817.0
MAG112	0.0	0.0	0.0	6.0	2.0	3.0	10.0	2.0	10.0
MAG113	164.0	188.0	186.0	94.0	74.0	82.0	0.0	0.0	0.0
MAG114	4.0	2.0	0.0	2.0	0.0	2.0	0.0	0.0	0.0
MAG115	10.0	16.0	16.0	10.0	0.0	2.0	4.0	0.0	2.0
MAG117	574.0	653.0	566.0	836.0	1319.0	1078.0	857.0	765.0	1403.0
MAG118	100.0	108.0	86.0	46.0	70.0	50.0	100.0	40.0	64.0
MAG119	160.0	138.0	163.0	2260.0	1966.0	1842.0	20.0	6.0	44.0
MAG120	2.0	6.0	0.0	112.0	148.0	116.0			
MAG121	834.0	872.0	638.0	2.0	4.0	2.0	0.0	0.0	0.0
MAG122	2.0	0.0	0.0	0.0	0.0	2.0	0.0	4.0	0.0
MAG123	66.0	104.0	89.0	200.0	164.0	145.0	70.0	58.0	112.0
MAG124	0.0	2.0	0.0	0.0	0.0	0.0			
MAG127	639.0	843.0	666.0	710.0	895.0	608.0	443.0	363.0	1119.0
MAG128	729.0	696.0	577.0	8873.0	11009.0	10727.0	704.0	805.0	490.0
MAG129	8.0	4.0	2.0	24.0	19.0	35.0	6.0	8.0	4.0
MAG131	2600.0	2607.0	2505.0	1429.0	1665.0	1424.0	149.0	120.0	860.0
MAG132	680.0	727.0	683.0	438.0	620.0	506.0	58.0	43.0	18.0
MAG133	7815.0	8839.0	7593.0	7019.0	7402.0	7283.0	5196.0	2479.0	8342.0
MAG134	0.0	0.0	0.0	0.0	2.0	0.0	0.0	0.0	0.0
MAG135	808.0	1007.0	790.0	640.0	736.0	649.0	944.0	840.0	4308.0
MAG136	2.0	2.0	0.0	2.0	0.0	0.0	0.0	0.0	0.0
MAG137	1144.0	1144.0	1120.0	19406.0	23672.0	23602.0	37552.0	17121.0	21147.0
MAG139	413.0	371.0	282.0	60.0	59.0	61.0	229.0	279.0	158.0
MAG140	10.0	9.0	6.0	12.0	15.0	10.0	10.0	1.0	4.0
MAG141	0.0	0.0	0.0	2704.0	3498.0	3124.0	1078.0	668.0	480.0
MAG142	0.0	0.0	0.0	30.0	28.0	36.0	42.0	20.0	34.0
MAG143	67.0	44.0	52.0	1671.0	2297.0	2058.0	1239.0	719.0	2086.0
MAG145	463.0	412.0	380.0	6.0	6.0	8.0	24.0	12.0	52.0
MAG146	18.0	20.0	4.0	124.0	144.0	136.0	2.0	0.0	0.0
MAG147	33.0	30.0	27.0	12.0	12.0	2.0			
MAG148	87.0	106.0	110.0	150.0	294.0	228.0	870.0	624.0	447.0
MAG149	626.0	611.0	550.0	770.0	809.0	710.0	762.0	540.0	1167.0
MAG150	12.0	10.0	11.0	4.0	10.0	2.0	15.0	4.0	4.0
MAG152	6.0	4.0	4.0	54.0	44.0	70.0	14.0	2.0	4.0
MAG153	0.0	0.0	1.0	0.0	6.0	0.0			
MAG154	568.0	564.0	618.0	590.0	876.0	708.0	24.0	16.0	72.0
MAG155	98.0	48.0	86.0	0.0	0.0	0.0	76.0	58.0	194.0
MAG156	2.0	0.0	0.0	14.0	12.0	14.0	0.0	0.0	7.0
MAG157	8.0	10.0	6.0	138.0	128.0	124.0	22.0	9.0	12.0
MAG158	1100.0	995.0	768.0	2905.0	2226.0	2599.0	192.0	94.0	374.0
MAG159	234519.0	221164.0	185089.0	11012.0	11132.0	11474.0	979.0	661.0	726.0
MAG160	1038.0	852.0	1061.0	2909.0	3797.0	3251.0	362.0	304.0	288.0
MAG161	1711.0	1755.0	1673.0	417.0	479.0	544.0	282.0	154.0	421.0
MAG162	13054.0	12897.0	15013.0	4214.0	5584.0	5224.0	1301.0	625.0	899.0
MAG163	88.0	104.0	94.0	1698.0	2302.0	2040.0	4.0	6.0	16.0
MAG164	51.0	41.0	23.0	708.0	773.0	752.0	1286.0	482.0	458.0
MAG165	0.0	0.0	0.0	4.0	4.0	2.0	2.0	0.0	2.0
MAG166	8.0	4.0	8.0	2.0	4.0	6.0	54.0	28.0	134.0
MAG167	520.0	490.0	655.0	314.0	473.0	414.0	5857.0	10264.0	3035.0
MAG168	2.0	0.0	0.0	64.0	86.0	96.0			
MAG169	222.0	252.0	204.0	236.0	358.0	302.0	26.0	32.0	357.0
MAG170	10.0	10.0	4.0	110.0	136.0	134.0	1036.0	600.0	1482.0
MAG171	62.0	67.0	73.0	69.0	64.0	47.0	0.0	4.0	23.0
MAG173	58.0	44.0	48.0	30.0	50.0	26.0	12.0	8.0	32.0
MAG174	45.0	71.0	57.0	299.0	307.0	264.0	2.0	4.0	0.0
MAG177	5446.0	4164.0	4563.0	15976.0	18711.0	18366.0	21855.0	24922.0	27381.0
MAG178	24.0	30.0	16.0	2953.0	3816.0	3144.0	0.0	0.0	10.0
MAG179	10.0	24.0	6.0	0.0	2.0	0.0	16.0	4.0	18.0
MAG180	16.0	19.0	12.0	20.0	26.0	32.0	0.0	0.0	0.0
MAG181	340.0	310.0	298.0	6.0	8.0	8.0	2.0	2.0	0.0
MAG182	38.0	24.0	16.0	58.0	39.0	34.0	57.0	25.0	60.0
MAG183	70.0	90.0	86.0	104.0	149.0	131.0	4.0	2.0	4.0
MAG184	5.0	2.0	2.0	2.0	6.0	0.0	3.0	0.0	2.0
MAG185	0.0	3.0	0.0	2.0	0.0	2.0	1.0	0.0	0.0
MAG186	11158.0	10920.0	12949.0	7617.0	9862.0	9446.0	1145.0	640.0	977.0
MAG188	7552.0	5546.0	10861.0	14561.0	9056.0	10549.0	290.0	432.0	1936.0
MAG189	4.0	8.0	6.0	3.0	1.0	0.0	242.0	88.0	46.0
MAG190	40.0	42.0	38.0	26.0	44.0	52.0	5050.0	1837.0	4971.0
MAG191	20.0	28.0	8.0	44.0	54.0	48.0	1670.0	717.0	1580.0
MAG192	4.0	0.0	6.0	6.0	1.0	2.0	284.0	347.0	221.0
MAG193	1844.0	1962.0	1963.0	8456.0	9778.0	11154.0	519.0	396.0	1626.0
MAG195	1080.0	995.0	972.0	287.0	382.0	325.0	317.0	192.0	540.0
MAG196	12.0	20.0	24.0	57.0	82.0	70.0	34.0	32.0	107.0
MAG197	636.0	766.0	586.0	252.0	310.0	222.0	482.0	188.0	142.0
MAG198	326.0	340.0	336.0	4.0	8.0	2.0	2.0	0.0	0.0
MAG200	24.0	26.0	12.0	94.0	100.0	120.0	8.0	2.0	0.0
MAG201	32.0	22.0	24.0	10.0	16.0	13.0	0.0	0.0	0.0
MAG202	1570.0	1456.0	1276.0	158.0	130.0	149.0	881.0	415.0	678.0
MAG203	1.0	0.0	0.0	0.0	2.0	0.0	0.0	0.0	2.0
MAG205	168.0	174.0	174.0	108.0	114.0	104.0	4.0	2.0	8.0
MAG206	0.0	2.0	0.0	0.0	0.0	0.0	5194.0	1654.0	1206.0
MAG207	0.0	0.0	4.0	44.0	80.0	42.0	0.0	0.0	0.0
MAG208	1137.0	1102.0	1249.0	216.0	277.0	254.0	62.0	38.0	114.0
MAG209	78.0	96.0	64.0	826.0	852.0	823.0	40.0	8.0	18.0
MAG211	213.0	117.0	183.0	107.0	149.0	131.0	490.0	255.0	232.0
MAG212	86.0	92.0	50.0	184.0	374.0	292.0	41125.0	30182.0	121056.0
MAG213	10510.0	10688.0	11251.0	126.0	158.0	134.0	36.0	16.0	54.0
MAG214	483.0	444.0	438.0	1160.0	1297.0	1238.0	4617.0	2034.0	2616.0
MAG215	100.0	92.0	78.0	16.0	42.0	28.0	437.0	532.0	215.0
MAG216	566.0	524.0	552.0	376.0	458.0	410.0	10.0	10.0	14.0
MAG217	499.0	448.0	470.0	260.0	313.0	292.0	38111.0	18637.0	17937.0
MAG218	0.0	4.0	2.0	18.0	12.0	10.0	2.0	2.0	0.0
MAG219	3554.0	2900.0	3273.0	21885.0	23800.0	24152.0	4367.0	1758.0	1769.0
MAG220	3020.0	3197.0	3324.0	716.0	980.0	1009.0	6.0	2.0	14.0
MAG221	4046.0	4235.0	4285.0	834.0	1187.0	980.0	566.0	428.0	1920.0
MAG222	134.0	76.0	85.0	8467.0	9457.0	8394.0	141.0	30.0	23.0
MAG223	98.0	90.0	96.0	172.0	138.0	203.0	2353.0	830.0	1806.0
MAG224	0.0	4.0	4.0	0.0	0.0	2.0	0.0	0.0	0.0
MAG225	135812.0	116911.0	119026.0	74590.0	83496.0	84034.0	82284.0	39823.0	80663.0
MAG226	49.0	49.0	25.0	0.0	0.0	2.0	34.0	15.0	49.0
MAG227	546.0	580.0	568.0	154.0	166.0	166.0	44.0	22.0	50.0
MAG228	4.0	12.0	0.0	4.0	2.0	2.0	0.0	4.0	4.0
MAG229	27.0	25.0	31.0	21.0	9.0	14.0	2.0	0.0	0.0
MAG230	2.0	2.0	2.0	0.0	2.0	0.0	2.0	0.0	0.0
MAG231	10.0	18.0	10.0	0.0	8.0	12.0	0.0	0.0	0.0
MAG232	196.0	152.0	145.0	118.0	120.0	173.0	192.0	84.0	107.0
MAG233	0.0	2.0	0.0	2.0	4.0	0.0	198.0	150.0	372.0
MAG234	2.0	4.0	1.0	17.0	19.0	10.0	0.0	1.0	3.0
MAG235	42.0	20.0	20.0	4.0	0.0	8.0	10.0	4.0	10.0
MAG236	1130.0	1108.0	1161.0	1765.0	1908.0	1980.0	10590.0	4552.0	5118.0
MAG237	0.0	2.0	0.0	0.0	0.0	0.0	0.0	0.0	2.0
MAG238	2.0	0.0	0.0	4.0	8.0	6.0	96.0	64.0	110.0
MAG239	2553.0	1839.0	2230.0	263154.0	286652.0	262860.0	3835.0	1053.0	762.0
MAG240	2.0	0.0	0.0	0.0	0.0	2.0	0.0	0.0	2.0
MAG241	112.0	126.0	94.0	175.0	241.0	225.0	116.0	50.0	142.0
MAG242	54.0	52.0	38.0	66.0	94.0	56.0	0.0	0.0	0.0
MAG245	417.0	388.0	332.0	1163.0	1430.0	1327.0	36.0	8.0	24.0
MAG246	0.0	2.0	0.0	2.0	0.0	4.0	4.0	2.0	6.0
MAG247	2.0	0.0	2.0	6.0	2.0	10.0	4.0	2.0	2.0
MAG248	79.0	37.0	40.0	67.0	50.0	71.0	341.0	162.0	333.0
MAG249	0.0	2.0	2.0	6.0	10.0	6.0	0.0	0.0	0.0
MAG250	0.0	2.0	0.0	0.0	0.0	0.0	24.0	18.0	16.0
MAG251	110714.0	104276.0	98788.0	86.0	90.0	107.0	27.0	20.0	68.0
MAG252	3.0	8.0	4.0	0.0	0.0	0.0	0.0	0.0	4.0
MAG253	9928.0	10989.0	9406.0	15785.0	21452.0	17801.0	3393.0	2832.0	7297.0
MAG254	2.0	2.0	0.0	16.0	16.0	14.0	478.0	186.0	474.0
MAG255	2030.0	1890.0	2353.0	1613.0	2005.0	1926.0	257.0	176.0	790.0
MAG256	3533.0	4030.0	3474.0	3109.0	2840.0	2755.0	309.0	208.0	1129.0
MAG257	3.0	0.0	0.0	6.0	8.0	4.0	4.0	0.0	8.0
MAG259	26.0	24.0	29.0	21.0	26.0	24.0	13.0	5.0	18.0
MAG261	250.0	216.0	230.0	121.0	163.0	128.0	21.0	10.0	67.0
MAG263	19.0	27.0	14.0	27.0	39.0	26.0	25.0	6.0	34.0
MAG265	1051.0	970.0	1092.0	2742.0	3278.0	3135.0	22395.0	26652.0	24758.0
MAG266	10.0	12.0	6.0	6.0	36.0	22.0	52.0	48.0	44.0
MAG267	1931.0	1876.0	2077.0	4361.0	5722.0	4953.0	428.0	324.0	1198.0
MAG268	2.0	0.0	0.0	0.0	0.0	0.0	0.0	0.0	0.0
MAG269	2.0	4.0	0.0	1.0	0.0	0.0	1383.0	816.0	4170.0
MAG271	1134.0	989.0	984.0	2556.0	2480.0	3038.0	1484.0	736.0	616.0
MAG272	927.0	855.0	1046.0	2762.0	3531.0	3454.0	1032.0	636.0	1248.0
MAG273	0.0	0.0	0.0	0.0	2.0	0.0	0.0	0.0	0.0
MAG274	2.0	0.0	0.0	0.0	0.0	0.0	34.0	46.0	20.0
MAG275	12.0	8.0	12.0	0.0	0.0	0.0	556.0	292.0	872.0
MAG276	42.0	32.0	56.0	50.0	103.0	91.0	204.0	144.0	423.0
MAG277	2394.0	2514.0	2402.0	4037.0	5417.0	4554.0	4859.0	3764.0	10488.0
MAG278	801.0	848.0	659.0	159.0	208.0	209.0	2.0	2.0	1.0
MAG279	0.0	2.0	2.0	2.0	0.0	2.0	348.0	218.0	697.0
MAG280	45244.0	30065.0	48232.0	22744.0	26849.0	25549.0	332664.0	227663.0	683753.0
MAG281	46.0	54.0	78.0	0.0	2.0	0.0	12.0	6.0	4.0
MAG282	16.0	8.0	6.0	557.0	640.0	540.0	0.0	0.0	0.0
MAG283	0.0	0.0	2.0	0.0	8.0	0.0	1640.0	810.0	2498.0
MAG284	119.0	96.0	103.0	128.0	137.0	140.0	16966.0	7188.0	14022.0
MAG285	542.0	497.0	586.0	36.0	42.0	48.0	12.0	12.0	62.0
MAG286	2303.0	1973.0	2068.0	5047.0	5287.0	4065.0	74936.0	28094.0	28085.0
MAG287	0.0	0.0	0.0	2.0	0.0	2.0	0.0	0.0	4.0
MAG288	0.0	2.0	2.0	9.0	3.0	4.0	0.0	2.0	4.0
MAG289	0.0	0.0	0.0	6.0	2.0	10.0	0.0	0.0	0.0
MAG290	4.0	0.0	2.0	0.0	0.0	2.0	0.0	0.0	0.0
MAG291	0.0	0.0	2.0	4.0	2.0	0.0			
MAG293	2.0	0.0	0.0	4.0	4.0	0.0	2.0	9.0	6.0
MAG294	19.0	8.0	7.0	0.0	0.0	0.0	144.0	50.0	152.0
MAG295	4.0	2.0	4.0	16.0	22.0	12.0	6.0	4.0	2.0
MAG296	17914.0	20313.0	16943.0	9526.0	11474.0	9805.0	451.0	342.0	323.0
MAG297	54.0	82.0	61.0	66.0	148.0	71.0	0.0	0.0	6.0
MAG298	92.0	106.0	84.0	3982.0	5931.0	5456.0	2590.0	1568.0	2671.0
MAG299	26.0	22.0	20.0	0.0	0.0	0.0			
MAG300	20.0	24.0	27.0	5183.0	5705.0	5201.0	9283.0	7690.0	23658.0
MAG301	1405.0	1559.0	1271.0	1214.0	1631.0	1286.0	538.0	340.0	685.0
MAG302	8.0	8.0	12.0	0.0	4.0	6.0	8.0	6.0	22.0
MAG304	0.0	0.0	0.0	0.0	0.0	2.0	306.0	222.0	865.0
MAG305	20.0	10.0	2.0	14.0	12.0	20.0	36.0	22.0	6.0
MAG307	32.0	24.0	42.0	14.0	12.0	6.0	124.0	42.0	6.0
MAG308	3.0	0.0	0.0	0.0	0.0	0.0	1.0	2.0	2.0
MAG310	2.0	12.0	4.0	0.0	4.0	6.0	248.0	98.0	278.0
MAG311	117.0	141.0	92.0	62.0	90.0	61.0	53.0	33.0	46.0
MAG312	12.0	6.0	8.0	39.0	32.0	25.0	4.0	2.0	4.0
MAG313	13041.0	15695.0	12404.0	12635.0	11294.0	10671.0	1355.0	1119.0	4598.0
MAG314	2.0	0.0	0.0	0.0	0.0	0.0	60.0	44.0	102.0
MAG315	345.0	303.0	255.0	296.0	387.0	346.0	8622.0	6995.0	5747.0
MAG316	26.0	46.0	52.0	24.0	56.0	34.0	0.0	0.0	0.0
MAG317	14.0	12.0	8.0	0.0	0.0	0.0	55.0	30.0	56.0
MAG318	415.0	460.0	476.0	56.0	58.0	56.0	22.0	4.0	14.0
MAG319	60871.0	45955.0	52718.0	22561.0	20353.0	21877.0	10.0	6.0	6.0
MAG320	0.0	14.0	4.0	14.0	36.0	22.0	10.0	2.0	20.0
MAG321	0.0	0.0	0.0	0.0	0.0	2.0	0.0	0.0	0.0
MAG322	0.0	0.0	2.0	0.0	0.0	0.0	0.0	0.0	0.0
MAG323	80.0	116.0	94.0	11.0	17.0	12.0	2.0	2.0	6.0
MAG324	0.0	2.0	0.0	0.0	2.0	2.0	4.0	0.0	0.0
MAG325	0.0	0.0	2.0	4.0	8.0	2.0	0.0	0.0	0.0
MAG326	19970.0	21008.0	22029.0	7872.0	10987.0	10216.0	6493.0	4658.0	12955.0
MAG327	0.0	0.0	0.0	0.0	2.0	0.0	0.0	0.0	0.0
MAG328	13.0	15.0	11.0	2.0	4.0	0.0			
MAG329	22.0	14.0	14.0	4.0	2.0	2.0	6.0	18.0	82.0
MAG330	0.0	6.0	2.0	0.0	0.0	0.0	200.0	120.0	378.0
MAG331	20.0	30.0	38.0	83.0	85.0	106.0	34.0	18.0	6.0
MAG332	0.0	0.0	0.0	2.0	2.0	2.0	2.0	0.0	0.0
MAG333	829.0	726.0	843.0	290.0	511.0	418.0	0.0	0.0	0.0
MAG334	2.0	2.0	0.0	0.0	0.0	4.0	0.0	0.0	0.0
MAG335	18.0	22.0	4.0	6.0	18.0	10.0	6.0	2.0	8.0
MAG336	568.0	478.0	463.0	212.0	322.0	285.0	8115.0	7170.0	17248.0
MAG337	49.0	42.0	24.0	53.0	60.0	71.0	1525.0	656.0	1527.0
MAG338	0.0	0.0	0.0	2.0	2.0	2.0	0.0	0.0	0.0
MAG339	298.0	320.0	296.0	510.0	806.0	595.0	5522.0	3358.0	7667.0
MAG340	5071.0	4063.0	4840.0	244.0	324.0	315.0	45.0	43.0	191.0
MAG342	0.0	0.0	2.0	0.0	2.0	0.0	0.0	0.0	0.0
MAG343	248.0	246.0	214.0	77.0	98.0	104.0	25.0	19.0	37.0
MAG344	4.0	3.0	2.0	11.0	12.0	12.0	2.0	0.0	0.0
MAG346	310.0	285.0	331.0	527.0	715.0	667.0	11644.0	5405.0	3626.0
MAG347	21.0	32.0	31.0	139.0	192.0	146.0	0.0	2.0	2.0
MAG348	4976.0	5262.0	5231.0	1072.0	1504.0	1320.0	6.0	6.0	18.0
MAG349	50.0	40.0	38.0	0.0	2.0	0.0			
MAG350	137.0	146.0	148.0	124.0	198.0	155.0	54.0	20.0	12.0
MAG351	19.0	22.0	17.0	62.0	99.0	83.0	554.0	376.0	421.0
MAG352	0.0	0.0	2.0	0.0	0.0	0.0	0.0	0.0	0.0
MAG353	0.0	6.0	2.0	2.0	6.0	4.0	176.0	148.0	568.0
MAG354	480.0	368.0	265.0	386.0	486.0	354.0	245.0	94.0	205.0
MAG355	10.0	4.0	24.0	12.0	26.0	22.0	0.0	0.0	2.0
MAG356	0.0	0.0	0.0	18.0	4.0	4.0	0.0	0.0	0.0
MAG358	10.0	28.0	12.0	16.0	2.0	12.0	0.0	0.0	2.0
MAG359	4780.0	4861.0	5111.0	8591.0	10846.0	10987.0	438.0	285.0	1568.0
MAG360	20.0	8.0	10.0	3.0	6.0	2.0	652.0	618.0	5554.0
MAG361	21445.0	20708.0	21052.0	43083.0	56703.0	53087.0	1262.0	907.0	4532.0
MAG362	4.0	0.0	5.0	68.0	80.0	108.0	0.0	0.0	0.0
MAG363	106.0	180.0	100.0	2.0	0.0	2.0	144.0	82.0	220.0
MAG364	30.0	22.0	34.0	18.0	25.0	26.0	4149.0	3684.0	10945.0
MAG365	96.0	133.0	98.0	102.0	80.0	90.0	1958.0	1461.0	6508.0
MAG366	10.0	16.0	8.0	52.0	76.0	62.0	126.0	40.0	56.0
MAG367	1856.0	2554.0	2700.0	352.0	412.0	300.0	1433.0	777.0	381.0
MAG368	23.0	17.0	24.0	6.0	9.0	5.0	6.0	1.0	18.0
MAG369	48.0	63.0	42.0	267.0	326.0	289.0	10.0	8.0	29.0
MAG370	6.0	3.0	4.0	4.0	2.0	3.0	109.0	64.0	241.0
MAG372	2.0	4.0	0.0	16.0	10.0	8.0	28.0	6.0	16.0
MAG373	4561.0	3728.0	3771.0	17387.0	18062.0	17094.0	1006.0	360.0	502.0
MAG375	0.0	0.0	0.0	2.0	0.0	0.0	260.0	128.0	328.0
MAG376	24.0	24.0	20.0	14.0	10.0	14.0	2.0	2.0	2.0
MAG377	179.0	210.0	245.0	96.0	99.0	111.0	14.0	8.0	64.0
MAG380	130.0	93.0	87.0	12.0	14.0	20.0	4033.0	1781.0	1180.0
MAG381	378.0	348.0	242.0	52.0	68.0	54.0	2.0	0.0	0.0
MAG382	4.0	4.0	6.0	17.0	27.0	14.0	124.0	130.0	191.0
MAG383	0.0	2.0	0.0	24.0	18.0	26.0	0.0	2.0	0.0
MAG384	0.0	0.0	3.0	14.0	9.0	24.0	4.0	0.0	2.0
MAG385	0.0	0.0	0.0	0.0	0.0	2.0			
MAG386	6.0	6.0	2.0	26.0	44.0	44.0	32.0	18.0	26.0
MAG389	8.0	8.0	6.0	20.0	22.0	14.0	0.0	0.0	0.0
MAG390	138.0	128.0	138.0	302.0	432.0	386.0	0.0	0.0	0.0
MAG391	2.0	0.0	0.0	0.0	0.0	0.0	25174.0	15166.0	53583.0
MAG392	2.0	0.0	2.0	0.0	2.0	4.0	2.0	0.0	2.0
MAG393	560.0	590.0	570.0	738.0	830.0	759.0	3.0	4.0	14.0
MAG394	1003.0	1096.0	1016.0	424.0	553.0	505.0	76.0	34.0	88.0
MAG395	21.0	21.0	27.0	29.0	56.0	44.0	9.0	7.0	2.0
MAG396	1008.0	1118.0	856.0	4.0	12.0	18.0	1498.0	718.0	857.0
MAG397	23.0	17.0	15.0	4.0	6.0	4.0	0.0	0.0	0.0
MAG398	8516.0	8368.0	7839.0	12340.0	15423.0	13900.0	75679.0	34678.0	53459.0
MAG399	2.0	2.0	6.0	8.0	18.0	8.0	0.0	0.0	0.0
MAG400	4.0	8.0	12.0	10.0	20.0	0.0	28.0	31.0	50.0
MAG401	1004.0	904.0	932.0	782.0	1000.0	874.0	490.0	194.0	210.0
MAG402	10.0	2.0	6.0	0.0	2.0	0.0	0.0	0.0	0.0
MAG404	201.0	200.0	229.0	867.0	865.0	942.0	854.0	403.0	824.0
MAG405	76.0	76.0	66.0	131.0	140.0	200.0	90.0	58.0	127.0
MAG406	8.0	12.0	2.0	0.0	0.0	0.0			
MAG407	0.0	2.0	0.0	10.0	50.0	20.0	0.0	0.0	2.0
MAG408	0.0	0.0	0.0	0.0	0.0	2.0	0.0	0.0	0.0
MAG409	12.0	4.0	14.0	22.0	8.0	18.0	4.0	0.0	2.0
MAG410	354.0	344.0	314.0	147.0	198.0	152.0	36.0	24.0	70.0
MAG411	75.0	75.0	80.0	4.0	6.0	9.0	0.0	0.0	0.0
MAG412	30.0	22.0	30.0	30.0	34.0	47.0	115.0	81.0	225.0
MAG413	136.0	218.0	156.0	80.0	88.0	100.0	206.0	54.0	24.0
MAG414	218.0	230.0	215.0	9675.0	11235.0	10351.0	1938.0	1167.0	3291.0
MAG415	24542.0	24744.0	26461.0	1173.0	1575.0	1559.0	2617.0	1336.0	1805.0
MAG417	19.0	25.0	17.0	19.0	35.0	40.0	0.0	0.0	0.0
MAG419	76.0	81.0	96.0	47.0	46.0	63.0	0.0	1.0	4.0
MAG420	1614.0	1627.0	1551.0	3090.0	4215.0	3371.0	314.0	188.0	502.0
MAG421	820.0	594.0	774.0	59266.0	66456.0	63157.0	90.0	46.0	97.0
MAG423	36.0	30.0	50.0	257.0	321.0	317.0	467.0	233.0	396.0
MAG424	2.0	6.0	2.0	0.0	0.0	0.0	3556.0	2079.0	5368.0
MAG425	948.0	1047.0	885.0	5291.0	6575.0	5738.0	3072.0	2182.0	8134.0
MAG428	30.0	38.0	18.0	0.0	2.0	0.0	489.0	241.0	483.0
MAG429	4212.0	5301.0	3551.0	4223.0	5162.0	4523.0	34140.0	19729.0	70441.0
MAG430	252.0	258.0	180.0	2140.0	2966.0	2462.0	4.0	0.0	0.0
MAG431	382.0	344.0	348.0	510.0	716.0	571.0	126.0	298.0	2422.0
MAG432	4.0	0.0	0.0	0.0	2.0	2.0	8.0	2.0	14.0
MAG433	159.0	108.0	91.0	41.0	71.0	56.0	24.0	27.0	33.0
MAG434	140.0	118.0	112.0	26.0	66.0	48.0	206.0	94.0	44.0
MAG435	24.0	26.0	21.0	34.0	65.0	44.0	71.0	72.0	116.0
MAG436	472.0	452.0	409.0	417.0	442.0	492.0	168.0	72.0	233.0
MAG437	0.0	0.0	2.0	2.0	0.0	2.0	0.0	0.0	0.0
MAG438	462.0	446.0	440.0	76.0	57.0	68.0	183.0	107.0	230.0
MAG439	0.0	0.0	2.0	6.0	6.0	2.0			
MAG440	860.0	712.0	800.0	0.0	0.0	0.0	30.0	36.0	194.0
MAG441	0.0	8.0	2.0	8.0	8.0	10.0	26.0	26.0	26.0
MAG442	75.0	41.0	68.0	2024.0	2222.0	2453.0	27110.0	22580.0	91844.0
MAG443	6.0	0.0	2.0	64.0	92.0	84.0	0.0	0.0	2.0
MAG444	0.0	3.0	0.0	0.0	2.0	6.0	1.0	0.0	6.0
MAG445	8.0	1.0	2.0	17.0	16.0	8.0	1145.0	320.0	818.0
MAG446	443.0	504.0	543.0	48.0	44.0	66.0	1810.0	895.0	464.0
MAG447	0.0	3.0	0.0	0.0	0.0	0.0	0.0	0.0	0.0
MAG448	913681.0	832606.0	916158.0	2120.0	2448.0	2824.0	19082.0	11642.0	41684.0
MAG449	69.0	54.0	52.0	8.0	2.0	10.0	126.0	58.0	111.0
MAG450	73.0	46.0	66.0	1422.0	1607.0	1500.0	116.0	132.0	255.0
MAG454	9234.0	9542.0	9823.0	13530.0	20021.0	18398.0	13018.0	9105.0	21439.0
MAG455	82.0	86.0	86.0	8.0	18.0	12.0	0.0	0.0	0.0
MAG456	4.0	8.0	7.0	42.0	32.0	40.0	100.0	46.0	36.0
MAG457	130.0	164.0	147.0	684.0	866.0	736.0	1034.0	1232.0	1076.0
MAG458	184846.0	194527.0	151311.0	16640.0	22509.0	19896.0	313.0	181.0	264.0
MAG459	12.0	22.0	10.0	0.0	0.0	0.0			
MAG460	4.0	4.0	7.0	556.0	585.0	562.0	6.0	0.0	8.0
MAG461	626.0	546.0	529.0	344.0	469.0	436.0	227.0	148.0	289.0
MAG462	0.0	2.0	0.0	4.0	2.0	2.0	0.0	0.0	2.0
MAG464	48.0	40.0	36.0	68.0	70.0	46.0	4.0	2.0	0.0
MAG465	6.0	10.0	4.0	6.0	2.0	2.0	4.0	0.0	0.0
MAG466	94.0	78.0	79.0	91.0	110.0	98.0	2.0	4.0	18.0
MAG468	72.0	104.0	71.0	244.0	226.0	201.0	2.0	2.0	4.0
MAG469	8.0	4.0	8.0	0.0	0.0	0.0	56.0	60.0	44.0
MAG470	6.0	6.0	8.0	2.0	0.0	12.0	18.0	6.0	4.0
MAG471	739.0	655.0	628.0	6405.0	7172.0	7087.0	572.0	251.0	468.0
MAG472	2.0	0.0	0.0	0.0	6.0	2.0	0.0	0.0	0.0
MAG473	0.0	0.0	0.0	1.0	0.0	4.0	320.0	288.0	642.0
MAG474	1253.0	1024.0	1399.0	84.0	74.0	87.0	5449.0	2661.0	2002.0
MAG475	2404.0	2433.0	2749.0	16457.0	18951.0	19619.0	497.0	463.0	2332.0
MAG476	76.0	54.0	49.0	56.0	73.0	41.0	1.0	4.0	5.0
MAG478	29.0	27.0	29.0	4.0	3.0	0.0	1390.0	656.0	569.0
MAG479	4.0	6.0	2.0	12.0	14.0	14.0	42.0	8.0	52.0
MAG480	193.0	222.0	114.0	2.0	4.0	4.0	16.0	4.0	34.0
MAG481	74.0	93.0	66.0	22.0	34.0	42.0	0.0	2.0	0.0
MAG482	609.0	639.0	549.0	665.0	831.0	714.0	257.0	265.0	245.0
MAG483	639.0	641.0	507.0	128.0	133.0	127.0	616.0	248.0	467.0
MAG484	187.0	151.0	100.0	1002.0	1054.0	962.0	36541.0	28207.0	97613.0
MAG485	2.0	0.0	2.0	0.0	0.0	7.0	0.0	0.0	0.0
MAG486	3.0	1.0	3.0	6.0	7.0	7.0	142.0	61.0	150.0
MAG487	342.0	374.0	364.0	420.0	610.0	556.0	16.0	16.0	2.0
MAG489	2730.0	2804.0	2598.0	180.0	216.0	190.0	5007.0	2721.0	4967.0
MAG491	136.0	172.0	132.0	52.0	116.0	81.0	2.0	2.0	10.0
MAG492	0.0	0.0	0.0	0.0	2.0	0.0			
MAG493	297.0	198.0	222.0	98.0	91.0	83.0	45985.0	23950.0	46293.0
MAG494	562.0	562.0	573.0	1198.0	1341.0	1437.0	2409.0	1239.0	3063.0
MAG495	10.0	14.0	10.0	3.0	4.0	4.0	22.0	20.0	104.0
MAG496	142.0	148.0	144.0	11639.0	11867.0	11500.0	0.0	0.0	0.0
MAG497	2.0	0.0	2.0	3.0	8.0	2.0	2.0	2.0	1.0
MAG498	99.0	114.0	123.0	80.0	90.0	88.0	156.0	42.0	100.0
MAG499	6.0	18.0	10.0	19.0	26.0	26.0	6.0	4.0	2.0
MAG500	0.0	0.0	0.0	0.0	1.0	1.0	0.0	0.0	0.0
MAG501	30.0	28.0	28.0	72.0	60.0	66.0	58.0	36.0	134.0
MAG502	74.0	76.0	88.0	84.0	77.0	67.0	123.0	150.0	89.0
MAG503	556.0	482.0	518.0	422.0	580.0	438.0	246.0	122.0	280.0
MAG504	401199.0	377549.0	344823.0	1502054.0	1507240.0	1534055.0	14481.0	4630.0	3292.0
MAG505	10.0	18.0	18.0	4.0	4.0	6.0	45.0	34.0	112.0
MAG506	10.0	8.0	12.0	48.0	48.0	32.0	129.0	233.0	31.0
MAG507	191.0	146.0	69.0	162.0	146.0	123.0	2.0	0.0	2.0
MAG508	1207.0	1233.0	1262.0	764.0	980.0	1019.0	2353.0	1260.0	2971.0
MAG509	37.0	43.0	30.0	21.0	42.0	30.0	0.0	0.0	0.0
MAG512	744.0	734.0	682.0	6381.0	7087.0	6472.0	2806.0	2606.0	11141.0
MAG513	1203.0	1020.0	797.0	1890.0	1827.0	1824.0	6.0	2.0	2.0
MAG514	7498.0	8710.0	7028.0	8075.0	8110.0	7598.0	4655.0	2058.0	6053.0
MAG515	277.0	152.0	272.0	391.0	444.0	373.0	343938.0	749977.0	125735.0
MAG516	0.0	0.0	2.0	2.0	2.0	0.0	0.0	0.0	0.0
MAG517	2.0	0.0	2.0	0.0	2.0	6.0	6.0	0.0	6.0
MAG518	808.0	925.0	903.0	8345.0	9759.0	9963.0	2715.0	2003.0	7577.0
MAG519	38.0	35.0	22.0	21.0	45.0	53.0	4.0	0.0	2.0
MAG522	110.0	74.0	66.0	107.0	156.0	150.0	43549.0	10073.0	21854.0
MAG524	427.0	569.0	447.0	395.0	401.0	531.0	1025.0	582.0	1008.0
MAG525	132.0	86.0	111.0	228.0	244.0	199.0	13079.0	18999.0	7666.0
MAG526	162.0	247.0	178.0	99.0	152.0	132.0	96.0	78.0	164.0
MAG527	4.0	0.0	0.0	0.0	0.0	0.0	0.0	0.0	0.0
MAG528	928.0	972.0	1038.0	436.0	691.0	527.0	62.0	60.0	286.0
MAG529	438.0	460.0	462.0	67.0	110.0	94.0	0.0	0.0	0.0
MAG530	19523.0	18697.0	18251.0	39393.0	41964.0	38241.0	35084.0	23203.0	58337.0
MAG531	220.0	217.0	156.0	306.0	389.0	319.0	654.0	349.0	1052.0
MAG532	64.0	60.0	62.0	100.0	166.0	126.0	312.0	183.0	202.0
MAG534	16297.0	17045.0	16394.0	8039.0	10140.0	9889.0	8172.0	4808.0	13497.0
MAG535	324.0	333.0	332.0	207.0	275.0	228.0	520.0	230.0	536.0
MAG536	7323.0	6975.0	5746.0	5472.0	5980.0	5934.0	235.0	200.0	770.0
MAG539	8.0	12.0	25.0	0.0	0.0	0.0	23.0	17.0	20.0
MAG540	4.0	0.0	0.0	0.0	4.0	0.0	5374.0	2593.0	4028.0
MAG541	8.0	12.0	16.0	6.0	2.0	4.0	265.0	299.0	222.0
MAG542	2.0	0.0	0.0	0.0	4.0	0.0	2.0	0.0	0.0
MAG543	0.0	0.0	0.0	6.0	10.0	2.0	88.0	94.0	78.0
MAG544	16639.0	16790.0	17098.0	9823.0	14231.0	13231.0	17633.0	12230.0	14402.0
MAG545	440.0	445.0	393.0	1364.0	1710.0	1586.0	25.0	2.0	32.0
MAG546	16.0	14.0	16.0	14.0	30.0	26.0	2.0	2.0	0.0
MAG548	22.0	14.0	18.0	34.0	42.0	24.0	27.0	16.0	19.0
MAG549	324.0	272.0	246.0	234.0	140.0	140.0	50.0	28.0	108.0
MAG550	6.0	4.0	2.0	2.0	0.0	2.0	0.0	0.0	2.0
MAG551	0.0	4.0	0.0	0.0	0.0	0.0	0.0	0.0	0.0
MAG552	36.0	34.0	16.0	92.0	96.0	78.0	6.0	2.0	2.0
MAG553	8.0	2.0	2.0	8.0	2.0	8.0	0.0	0.0	0.0
MAG554	2.0	0.0	0.0	0.0	0.0	0.0	12.0	10.0	34.0
MAG556	0.0	2.0	0.0	0.0	4.0	2.0	0.0	0.0	0.0
MAG558	4864.0	4842.0	5418.0	812.0	1024.0	958.0	52.0	46.0	196.0
MAG559	2.0	0.0	0.0	0.0	4.0	2.0	288.0	266.0	1614.0
MAG560	13.0	13.0	4.0	43.0	37.0	38.0	3.0	3.0	8.0
MAG561	150.0	228.0	66.0	4.0	2.0	2.0	4620.0	1650.0	1523.0
MAG562	0.0	0.0	5.0	4.0	6.0	6.0	0.0	0.0	5.0
MAG563	40.0	23.0	25.0	260.0	273.0	213.0	22.0	14.0	20.0
MAG564	20.0	20.0	16.0	2.0	2.0	2.0	0.0	0.0	0.0
MAG565	269.0	244.0	210.0	49.0	94.0	55.0	48.0	40.0	123.0
MAG566	424.0	334.0	270.0	1256.0	1294.0	1202.0	390.0	120.0	347.0
MAG567	44.0	38.0	70.0	38.0	70.0	46.0			
MAG568	173.0	163.0	187.0	740.0	797.0	793.0	269.0	153.0	297.0
MAG569	100.0	133.0	122.0	34.0	36.0	32.0	8.0	4.0	12.0
MAG570	2.0	0.0	0.0	0.0	2.0	0.0			
MAG572	114.0	110.0	114.0	6163.0	8109.0	6826.0	76.0	32.0	90.0
MAG573	468.0	448.0	496.0	182.0	248.0	266.0	18.0	4.0	6.0
MAG574	130.0	128.0	126.0	2.0	16.0	6.0	28.0	20.0	38.0
MAG576	68.0	66.0	72.0	38.0	58.0	43.0	14.0	7.0	30.0
MAG577	2.0	18.0	4.0	24.0	32.0	10.0	19.0	12.0	30.0
MAG578	178.0	204.0	192.0	150.0	272.0	246.0	806.0	452.0	1498.0
MAG579	77.0	90.0	45.0	9.0	22.0	26.0	0.0	0.0	0.0
MAG580	8660.0	9492.0	9152.0	2676.0	3838.0	3369.0	6442.0	4152.0	9518.0
MAG581	10.0	8.0	12.0	8839.0	11635.0	11378.0			
MAG582	56.0	36.0	48.0	303.0	392.0	322.0	21.0	6.0	12.0
MAG583	44.0	10.0	20.0	70.0	108.0	94.0	102376.0	89400.0	240898.0
MAG584	0.0	4.0	3.0	0.0	0.0	0.0	0.0	0.0	0.0
MAG585	10.0	10.0	6.0	18.0	46.0	18.0	12.0	12.0	54.0
MAG586	64.0	56.0	108.0	200.0	182.0	252.0	20.0	16.0	14.0
MAG587	4.0	0.0	2.0	0.0	0.0	4.0	8.0	0.0	0.0
MAG589	0.0	1.0	1.0	0.0	5.0	4.0	0.0	0.0	1.0
MAG592	72.0	64.0	64.0	0.0	2.0	0.0	0.0	0.0	0.0
MAG593	0.0	2.0	0.0	0.0	2.0	0.0	10.0	18.0	36.0
MAG594	68.0	62.0	63.0	30.0	30.0	28.0	39.0	18.0	82.0
MAG595	2096.0	2158.0	2282.0	1696.0	2356.0	2120.0	34.0	30.0	116.0
MAG596	73.0	61.0	42.0	58.0	62.0	64.0	67.0	37.0	74.0
MAG597	205.0	226.0	180.0	20.0	27.0	30.0	102.0	246.0	28.0
MAG598	20.0	20.0	12.0	2.0	2.0	4.0	0.0	0.0	4.0
MAG599	0.0	0.0	0.0	2.0	0.0	2.0	268.0	270.0	1668.0
MAG600	5.0	8.0	10.0	22.0	56.0	42.0	2.0	2.0	7.0
MAG601	8.0	18.0	16.0	4.0	8.0	4.0	0.0	0.0	0.0
MAG602	2.0	0.0	2.0	0.0	0.0	0.0	0.0	0.0	0.0
MAG603	8.0	0.0	0.0	4.0	8.0	2.0	2.0	0.0	2.0
MAG604	828.0	944.0	996.0	12.0	4.0	8.0	52.0	36.0	60.0
MAG605	0.0	0.0	4.0	2.0	8.0	2.0	0.0	2.0	0.0
MAG606	0.0	0.0	0.0	2.0	2.0	2.0	0.0	0.0	0.0
MAG607	42.0	16.0	28.0	21.0	20.0	24.0	220660.0	135071.0	656632.0
MAG608	20.0	28.0	22.0	10.0	10.0	8.0	68.0	42.0	203.0
MAG609	1116.0	1360.0	1108.0	8.0	12.0	10.0	0.0	4.0	4.0
MAG610	38.0	38.0	36.0	28.0	40.0	38.0	2536.0	1422.0	3773.0
MAG611	159.0	182.0	173.0	26.0	52.0	30.0	24.0	15.0	24.0
MAG613	96.0	129.0	97.0	150.0	126.0	78.0	132.0	106.0	469.0
MAG614	4.0	2.0	0.0	2.0	0.0	0.0	814.0	402.0	1130.0
MAG615	39595.0	33954.0	29844.0	6337.0	5508.0	6266.0	0.0	0.0	0.0
MAG616	102441.0	91510.0	76290.0	25564.0	25416.0	23740.0	2978.0	1241.0	2888.0
MAG617	0.0	2.0	0.0	7.0	3.0	4.0	236.0	112.0	412.0
MAG618	110.0	118.0	144.0	0.0	2.0	0.0	2.0	4.0	4.0
MAG619	0.0	0.0	4.0	22.0	6.0	6.0	350.0	352.0	1416.0
MAG621	58.0	48.0	34.0	544.0	422.0	628.0	32.0	8.0	32.0
MAG622	478.0	422.0	305.0	3930.0	4444.0	4135.0	520.0	350.0	1033.0
MAG623	1162.0	982.0	1372.0	1498.0	1882.0	1840.0	196.0	81.0	204.0
MAG624	0.0	2.0	0.0	0.0	18.0	4.0	1438.0	754.0	2180.0
MAG625	4688.0	4373.0	4997.0	12956.0	16047.0	15412.0	988.0	546.0	845.0
MAG626	44.0	48.0	26.0	108.0	118.0	100.0	0.0	0.0	0.0
MAG627	18.0	20.0	14.0	6.0	23.0	8.0	172.0	68.0	26.0
MAG628	32719.0	28932.0	28322.0	6230.0	6559.0	6455.0	1064.0	554.0	926.0
MAG629	0.0	0.0	0.0	2.0	0.0	2.0	834.0	676.0	1730.0
MAG630	0.0	0.0	4.0	0.0	0.0	0.0	2.0	0.0	0.0
MAG632	399.0	426.0	414.0	136.0	220.0	194.0	76.0	32.0	32.0
MAG633	2644.0	2230.0	2214.0	980.0	1042.0	1101.0	781.0	611.0	2464.0
MAG635	20.0	42.0	32.0	240.0	278.0	256.0	238.0	124.0	240.0
MAG636	6.0	10.0	8.0	600.0	778.0	664.0	654.0	376.0	931.0
MAG637	18.0	11.0	25.0	0.0	10.0	7.0	30.0	24.0	55.0
MAG639	610.0	666.0	456.0	3198.0	3843.0	3144.0	12369.0	8380.0	15364.0
MAG640	9.0	14.0	14.0	24.0	54.0	32.0	1111.0	574.0	416.0
MAG644	20.0	22.0	18.0	18.0	10.0	4.0	0.0	0.0	0.0
MAG645	22.0	41.0	22.0	369.0	440.0	387.0	9714.0	6934.0	23369.0
MAG646	120.0	144.0	102.0	67.0	87.0	66.0	92.0	54.0	170.0
MAG647	253.0	209.0	202.0	1012.0	1393.0	1312.0	54.0	23.0	32.0
MAG648	50.0	20.0	22.0	170.0	161.0	173.0	17654.0	9325.0	22530.0
MAG649	96.0	105.0	75.0	0.0	0.0	0.0	169.0	104.0	145.0
MAG650	2.0	0.0	2.0	34.0	78.0	42.0	0.0	0.0	0.0
MAG651	2.0	5.0	1.0	0.0	0.0	0.0	3.0	0.0	6.0
MAG652	10.0	6.0	2.0	8.0	4.0	2.0	0.0	0.0	0.0
MAG653	0.0	2.0	0.0	0.0	0.0	2.0	0.0	0.0	0.0
MAG654	137.0	131.0	84.0	1746.0	2259.0	1783.0	0.0	0.0	0.0
MAG655	12.0	13.0	4.0	206.0	237.0	212.0	9.0	6.0	1.0
MAG656	94.0	100.0	110.0	0.0	2.0	2.0	4.0	6.0	14.0
MAG658	32.0	50.0	26.0	153.0	211.0	183.0	0.0	2.0	1.0
MAG659	82.0	94.0	106.0	4.0	2.0	14.0	0.0	0.0	0.0
MAG660	608.0	559.0	561.0	655.0	640.0	666.0	3508.0	1454.0	1625.0
MAG661	4.0	4.0	4.0	0.0	0.0	0.0	0.0	0.0	0.0
MAG662	2.0	28.0	8.0	8.0	20.0	14.0	20.0	8.0	26.0
MAG663	0.0	3.0	0.0	0.0	0.0	0.0			
MAG664	0.0	2.0	0.0	0.0	0.0	0.0	0.0	0.0	0.0
MAG665	318.0	356.0	303.0	116.0	201.0	110.0	7.0	6.0	30.0
MAG666	52.0	56.0	39.0	406.0	332.0	378.0	1030.0	744.0	2316.0
MAG667	0.0	0.0	1.0	2.0	0.0	4.0	0.0	0.0	0.0
MAG668	1.0	0.0	0.0	2.0	0.0	0.0	0.0	0.0	0.0
MAG669	34.0	40.0	28.0	10.0	22.0	20.0			
MAG670	2.0	0.0	0.0	0.0	0.0	0.0	20.0	4.0	60.0
MAG671	4.0	0.0	2.0	2.0	6.0	4.0	0.0	0.0	2.0
MAG672	1.0	0.0	0.0	3.0	0.0	2.0	0.0	0.0	0.0
MAG673	1.0	0.0	0.0	5.0	0.0	2.0	236.0	108.0	274.0
MAG674	301.0	322.0	218.0	1514.0	2188.0	1762.0	270.0	176.0	3022.0
MAG675	0.0	0.0	2.0	0.0	2.0	4.0	0.0	0.0	0.0
MAG676	1265.0	1158.0	1276.0	123280.0	139676.0	129038.0	276387.0	309695.0	300799.0
MAG677	202.0	194.0	208.0	35.0	79.0	42.0	15.0	10.0	83.0
MAG678	2.0	2.0	0.0	14.0	14.0	20.0	2.0	4.0	2.0
MAG679	45.0	38.0	26.0	32.0	34.0	30.0	0.0	0.0	0.0
MAG680	51.0	41.0	63.0	260.0	282.0	263.0	1746.0	1240.0	3986.0
MAG681	760.0	810.0	595.0	99803.0	115964.0	116578.0	0.0	0.0	2.0
MAG682	378.0	422.0	362.0	1231.0	1479.0	1307.0	192.0	156.0	1314.0
MAG683	346.0	338.0	262.0	1318.0	1655.0	1532.0	223.0	149.0	395.0
MAG684	111.0	94.0	143.0	267.0	240.0	263.0	542.0	422.0	1589.0
MAG685	141.0	148.0	114.0	230.0	306.0	293.0	72.0	50.0	101.0
MAG686	34.0	26.0	30.0	26.0	16.0	16.0	8.0	10.0	14.0
MAG687	60.0	54.0	74.0	10.0	26.0	30.0	0.0	0.0	0.0
MAG688	124.0	92.0	92.0	26.0	67.0	32.0	8.0	8.0	16.0
MAG689	11906.0	12172.0	12580.0	9168.0	11186.0	11340.0	97.0	62.0	184.0
MAG691	10.0	10.0	18.0	35.0	59.0	30.0	408.0	1088.0	94.0
MAG692	11120.0	11590.0	12277.0	286.0	373.0	377.0	10869.0	7460.0	19259.0
MAG694	4761.0	4462.0	4309.0	4981.0	5929.0	5406.0	649.0	596.0	2134.0
MAG695	131.0	125.0	166.0	32.0	58.0	28.0	0.0	0.0	0.0
MAG696	3.0	2.0	6.0	10.0	0.0	2.0	2.0	0.0	0.0
MAG698	22.0	19.0	16.0	851.0	898.0	954.0	121.0	72.0	62.0
MAG699	8.0	0.0	0.0	4.0	4.0	0.0	2456.0	1100.0	2868.0
MAG700	12.0	22.0	10.0	18.0	38.0	39.0	0.0	0.0	7.0
MAG701	0.0	4.0	0.0	0.0	0.0	0.0	0.0	0.0	0.0
MAG702	6891.0	6220.0	7536.0	211.0	255.0	205.0	1539.0	1182.0	2906.0
MAG703	4.0	1.0	5.0	4.0	2.0	4.0	0.0	0.0	0.0
MAG705	10.0	9.0	4.0	36.0	44.0	69.0	0.0	0.0	0.0
MAG706	22.0	10.0	10.0	6.0	2.0	0.0	10.0	10.0	4.0
MAG708	28.0	15.0	18.0	5.0	2.0	6.0	3.0	0.0	0.0
MAG709	1813.0	1623.0	1360.0	2943.0	2748.0	2834.0	1094.0	440.0	1688.0
MAG710	59.0	49.0	56.0	190.0	212.0	224.0	362.0	507.0	506.0
MAG711	66.0	73.0	80.0	311.0	372.0	284.0	4.0	2.0	4.0
MAG712	3880.0	2775.0	1601.0	347.0	245.0	278.0	2.0	0.0	10.0
MAG713	2.0	12.0	0.0	42.0	56.0	50.0	26.0	16.0	6.0
MAG714	4.0	2.0	4.0	6.0	22.0	20.0	0.0	0.0	0.0
MAG715	2652.0	2778.0	2946.0	713.0	989.0	869.0	255.0	187.0	473.0
MAG716	11874.0	11685.0	10702.0	6958.0	7691.0	6982.0	207.0	157.0	305.0
MAG717	88.0	92.0	82.0	16.0	26.0	12.0	37.0	100.0	223.0
MAG718	6447.0	6050.0	6321.0	2065.0	3020.0	2623.0	2734.0	1420.0	1152.0
MAG719	48.0	26.0	39.0	101.0	118.0	112.0	12.0	14.0	13.0
MAG720	566.0	674.0	526.0	1293.0	1894.0	1465.0	1762.0	1692.0	5584.0
MAG721	24.0	11.0	19.0	25.0	29.0	33.0	3.0	2.0	18.0
MAG722	12052.0	9235.0	9403.0	66187.0	63758.0	60727.0	1189.0	514.0	956.0
MAG723	20.0	21.0	24.0	32.0	78.0	68.0	36.0	40.0	32.0
MAG724	0.0	0.0	4.0	2.0	2.0	0.0	0.0	0.0	0.0
MAG725	19.0	10.0	6.0	971.0	1242.0	1110.0	642.0	284.0	181.0
MAG726	0.0	1.0	0.0	2.0	10.0	4.0	0.0	0.0	0.0
MAG727	0.0	0.0	2.0	3.0	4.0	4.0	1544.0	750.0	3436.0
MAG728	998.0	1208.0	1016.0	148.0	210.0	194.0	21606.0	8268.0	7002.0
MAG729	60399.0	49313.0	54227.0	60890.0	63312.0	66270.0	2018.0	1002.0	1800.0
MAG730	40.0	28.0	41.0	217.0	243.0	237.0	373.0	140.0	210.0
MAG731	8552.0	8576.0	9013.0	24752.0	35231.0	30898.0	1259.0	1410.0	7673.0
MAG732	0.0	0.0	0.0	4.0	0.0	2.0	0.0	2.0	4.0
MAG733	782.0	660.0	536.0	354.0	418.0	402.0	24.0	14.0	50.0
MAG734	105.0	124.0	60.0	399.0	392.0	297.0	4428.0	2872.0	6848.0
MAG736	174.0	209.0	212.0	0.0	0.0	0.0	341.0	173.0	317.0
MAG737	382.0	446.0	369.0	755.0	1147.0	981.0	813.0	771.0	2260.0
MAG738	10.0	13.0	2.0	4.0	0.0	2.0	78.0	28.0	14.0
MAG739	78.0	56.0	22.0	196.0	167.0	167.0	3144.0	990.0	2750.0
MAG740	60.0	58.0	54.0	242.0	264.0	236.0	132.0	44.0	74.0
MAG741	0.0	8.0	2.0	17.0	10.0	10.0	0.0	0.0	0.0
MAG742	4710.0	5204.0	4822.0	28.0	60.0	38.0	4.0	6.0	4.0
MAG743	2.0	0.0	0.0	2.0	6.0	4.0	248.0	234.0	1494.0
MAG744	4.0	4.0	5.0	12.0	6.0	6.0	16.0	23.0	13.0
MAG745	32.0	35.0	35.0	4.0	11.0	2.0	2.0	0.0	0.0
MAG746	580.0	716.0	536.0	490.0	582.0	528.0	75.0	59.0	311.0
MAG747	21.0	44.0	24.0	40.0	92.0	52.0	0.0	0.0	0.0
MAG748	7.0	10.0	8.0	5798.0	5707.0	5874.0	110.0	87.0	132.0
MAG749	2216.0	2432.0	2158.0	6114.0	8810.0	7018.0	1073.0	1003.0	3327.0
MAG750	20.0	12.0	20.0	10.0	8.0	15.0	10.0	0.0	16.0
MAG751	840.0	732.0	788.0	26.0	34.0	32.0	11360.0	7378.0	14968.0
MAG752	7.0	11.0	9.0	2.0	3.0	5.0	1.0	1.0	5.0
MAG753	1260.0	948.0	1435.0	348.0	366.0	413.0	228.0	142.0	372.0
MAG754	0.0	0.0	0.0	0.0	2.0	0.0			
MAG756	2.0	0.0	4.0	10.0	8.0	8.0	313.0	212.0	568.0
MAG011							0.0	0.0	0.0
MAG016							0.0	0.0	0.0
MAG038							10.0	10.0	14.0
MAG078							8.0	6.0	8.0
MAG081							4.0	0.0	16.0
MAG095							0.0	0.0	0.0
MAG116							0.0	0.0	2.0
MAG125							0.0	0.0	0.0
MAG126							0.0	0.0	0.0
MAG144							1.0	3.0	6.0
MAG151							0.0	0.0	0.0
MAG172							2.0	6.0	2.0
MAG175							1.0	0.0	0.0
MAG176							964.0	550.0	1734.0
MAG187							0.0	0.0	0.0
MAG194							16.0	4.0	36.0
MAG199							2.0	0.0	2.0
MAG204							0.0	0.0	0.0
MAG210							0.0	0.0	0.0
MAG258							0.0	0.0	0.0
MAG264							0.0	2.0	0.0
MAG270							0.0	0.0	0.0
MAG303							28.0	32.0	88.0
MAG306							880.0	508.0	1098.0
MAG341							0.0	0.0	0.0
MAG374							0.0	0.0	0.0
MAG388							246.0	128.0	458.0
MAG403							0.0	0.0	0.0
MAG418							0.0	0.0	2.0
MAG422							0.0	0.0	2.0
MAG426							0.0	0.0	0.0
MAG427							0.0	0.0	0.0
MAG451							10.0	6.0	16.0
MAG463							212.0	114.0	360.0
MAG488							0.0	0.0	0.0
MAG490							0.0	0.0	0.0
MAG510							0.0	0.0	0.0
MAG511							0.0	0.0	0.0
MAG520							0.0	0.0	0.0
MAG537							0.0	0.0	0.0
MAG538							0.0	0.0	0.0
MAG547							14.0	10.0	32.0
MAG557							12.0	8.0	50.0
MAG571							0.0	0.0	0.0
MAG575							20.0	20.0	28.0
MAG588							2.0	0.0	4.0
MAG590							0.0	0.0	2.0
MAG591							0.0	0.0	0.0
MAG612							6.0	0.0	12.0
MAG631							0.0	0.0	0.0
MAG634							0.0	0.0	0.0
MAG638							98.0	52.0	190.0
MAG643							0.0	0.0	0.0
MAG657							0.0	0.0	0.0
MAG690							0.0	0.0	0.0
MAG697							0.0	0.0	0.0
MAG704							0.0	0.0	0.0
MAG707							0.0	0.0	0.0
MAG735							2.0	6.0	8.0
MAG755							0.0	0.0	0.0
