Bin Id	Marker lineage	# genomes	# markers	# marker sets	0	1	2	3	4	5+	Completeness	Contamination	Strain heterogeneity
MAG001	k__Bacteria (UID2982)	88	230	148	29	198	3	0	0	0	85.41	2.03	0.00
MAG002	k__Bacteria (UID2565)	2921	142	87	3	137	2	0	0	0	96.55	2.30	0.00
MAG003	k__Bacteria (UID2982)	88	229	148	11	214	4	0	0	0	94.03	2.36	0.00
MAG004	c__Alphaproteobacteria (UID3305)	564	348	229	6	340	2	0	0	0	98.54	0.45	0.00
MAG005	c__Betaproteobacteria (UID3959)	235	414	210	11	402	1	0	0	0	96.35	0.48	100.00
MAG006	k__Bacteria (UID3187)	2258	182	112	70	111	1	0	0	0	56.70	0.89	0.00
MAG007	k__Archaea (UID2)	207	149	107	33	116	0	0	0	0	74.22	0.00	0.00
MAG008	c__Deltaproteobacteria (UID3216)	83	247	155	83	161	3	0	0	0	68.03	1.13	0.00
MAG009	k__Bacteria (UID1453)	901	171	117	29	127	15	0	0	0	80.06	5.08	0.00
MAG010	k__Bacteria (UID2982)	88	230	148	49	176	5	0	0	0	72.80	0.79	0.00
MAG011	k__Bacteria (UID1452)	924	161	108	42	117	2	0	0	0	65.74	1.85	0.00
MAG012	k__Bacteria (UID2565)	2921	152	93	73	79	0	0	0	0	51.67	0.00	0.00
MAG013	k__Bacteria (UID2565)	2921	142	87	3	137	1	1	0	0	96.55	3.45	0.00
MAG014	k__Bacteria (UID1452)	924	151	101	35	116	0	0	0	0	69.31	0.00	0.00
MAG015	k__Bacteria (UID3187)	2258	190	119	22	161	7	0	0	0	87.54	0.94	0.00
MAG016	k__Bacteria (UID1453)	901	171	117	55	114	2	0	0	0	58.95	1.71	0.00
MAG017	k__Bacteria (UID1453)	901	171	117	7	158	6	0	0	0	95.30	3.42	0.00
MAG018	c__Betaproteobacteria (UID3888)	323	387	234	7	378	2	0	0	0	97.44	0.85	0.00
MAG019	k__Bacteria (UID1452)	924	161	108	16	142	3	0	0	0	87.96	2.78	0.00
MAG020	k__Bacteria (UID2565)	2921	142	87	8	132	2	0	0	0	96.07	0.64	0.00
MAG021	k__Bacteria (UID1453)	901	171	117	25	142	4	0	0	0	89.93	3.42	0.00
MAG022	k__Bacteria (UID2982)	88	230	148	3	227	0	0	0	0	97.97	0.00	0.00
MAG023	k__Bacteria (UID203)	5449	104	58	15	75	14	0	0	0	79.31	3.76	28.57
MAG024	k__Bacteria (UID1453)	901	171	117	77	87	7	0	0	0	53.58	2.94	28.57
MAG025	k__Bacteria (UID1452)	924	151	101	36	115	0	0	0	0	68.81	0.00	0.00
MAG026	c__Spirochaetia (UID2496)	72	215	125	86	123	6	0	0	0	63.19	3.87	33.33
MAG027	k__Bacteria (UID2982)	88	230	148	44	174	12	0	0	0	77.83	4.43	33.33
MAG028	p__Proteobacteria (UID3887)	1487	259	162	1	257	1	0	0	0	99.38	0.03	100.00
MAG029	k__Bacteria (UID2982)	88	230	148	18	208	4	0	0	0	89.39	1.56	0.00
MAG030	k__Bacteria (UID2565)	2921	152	93	32	116	4	0	0	0	77.99	3.76	25.00
MAG031	k__Bacteria (UID1453)	901	171	117	9	161	1	0	0	0	94.68	0.85	0.00
MAG032	k__Bacteria (UID2982)	88	230	148	56	151	20	3	0	0	70.53	7.25	10.34
MAG033	k__Bacteria (UID1453)	901	171	117	3	164	4	0	0	0	97.44	1.99	0.00
MAG034	k__Bacteria (UID2565)	2921	144	89	1	141	2	0	0	0	99.93	2.25	0.00
MAG035	k__Bacteria (UID203)	5449	104	58	12	91	1	0	0	0	82.18	0.16	0.00
MAG036	k__Bacteria (UID2565)	2921	152	93	11	140	1	0	0	0	89.96	1.08	0.00
MAG037	o__Burkholderiales (UID4000)	193	427	214	90	329	8	0	0	0	78.25	2.24	12.50
MAG038	k__Bacteria (UID1453)	901	171	117	15	151	5	0	0	0	88.89	3.85	40.00
MAG039	k__Bacteria (UID2565)	2921	152	93	7	145	0	0	0	0	94.62	0.00	0.00
MAG040	k__Bacteria (UID2982)	88	230	148	50	159	19	1	1	0	87.07	9.37	32.14
MAG041	k__Bacteria (UID2982)	88	230	148	37	184	9	0	0	0	81.15	5.07	11.11
MAG042	k__Bacteria (UID2982)	88	230	148	5	221	4	0	0	0	96.62	1.27	25.00
MAG043	k__Bacteria (UID1453)	901	171	117	18	152	1	0	0	0	87.18	0.43	100.00
MAG044	c__Gammaproteobacteria (UID4202)	67	481	276	12	454	14	1	0	0	96.56	3.07	0.00
MAG045	p__Euryarchaeota (UID54)	90	234	153	100	131	3	0	0	0	66.29	1.96	0.00
MAG046	c__Betaproteobacteria (UID3959)	235	420	211	32	361	26	1	0	0	91.34	5.65	75.86
MAG047	k__Bacteria (UID2982)	88	230	148	79	145	5	0	0	1	62.64	3.49	0.00
MAG048	k__Bacteria (UID1452)	924	155	106	3	151	1	0	0	0	98.11	0.94	0.00
MAG049	o__Clostridiales (UID1120)	304	247	141	4	242	1	0	0	0	97.16	0.24	0.00
MAG050	k__Bacteria (UID203)	5449	104	58	18	78	8	0	0	0	73.12	5.09	0.00
MAG051	o__Rhizobiales (UID3642)	107	485	316	50	424	11	0	0	0	88.74	2.56	36.36
MAG052	k__Bacteria (UID1452)	924	161	108	63	97	1	0	0	0	58.95	0.93	0.00
MAG053	k__Bacteria (UID203)	5449	104	58	23	79	2	0	0	0	71.37	1.02	0.00
MAG054	k__Bacteria (UID2569)	434	278	186	13	264	1	0	0	0	95.63	0.54	0.00
MAG055	p__Bacteroidetes (UID2591)	364	303	203	6	297	0	0	0	0	97.62	0.00	0.00
MAG056	k__Bacteria (UID2565)	2921	142	87	18	115	9	0	0	0	82.48	3.70	66.67
MAG057	p__Cyanobacteria (UID2143)	129	472	368	28	440	3	1	0	0	96.95	0.72	33.33
MAG058	k__Bacteria (UID2565)	2921	140	85	29	111	0	0	0	0	90.93	0.00	0.00
MAG059	k__Bacteria (UID1453)	901	171	117	2	167	2	0	0	0	98.29	1.28	0.00
MAG060	o__Actinomycetales (UID1572)	580	286	171	98	183	5	0	0	0	66.82	2.40	20.00
MAG061	k__Bacteria (UID1453)	901	171	117	33	120	18	0	0	0	82.72	7.75	33.33
MAG062	k__Bacteria (UID2569)	434	278	186	25	243	9	1	0	0	88.44	4.30	0.00
MAG063	k__Bacteria (UID2982)	88	230	148	10	217	3	0	0	0	94.57	1.69	0.00
MAG064	k__Bacteria (UID203)	5449	104	58	11	93	0	0	0	0	86.18	0.00	0.00
MAG065	k__Bacteria (UID2982)	88	230	148	41	181	8	0	0	0	79.01	3.45	12.50
MAG066	o__Actinomycetales (UID1696)	455	315	190	77	233	5	0	0	0	77.41	1.02	60.00
MAG067	k__Bacteria (UID2982)	88	230	148	22	207	1	0	0	0	87.50	0.03	0.00
MAG068	o__Actinomycetales (UID1696)	455	315	190	28	269	18	0	0	0	89.18	2.88	22.22
MAG069	k__Bacteria (UID2565)	2921	143	88	54	80	8	0	1	0	59.47	7.65	28.57
MAG070	c__Gammaproteobacteria (UID4274)	112	580	289	104	463	13	0	0	0	80.94	1.93	46.15
MAG071	k__Bacteria (UID2495)	2993	143	89	16	127	0	0	0	0	85.16	0.00	0.00
MAG072	k__Bacteria (UID3187)	2258	188	117	38	127	21	2	0	0	76.12	8.86	3.70
MAG073	o__Actinomycetales (UID1696)	455	315	190	32	280	3	0	0	0	86.68	0.68	100.00
MAG074	k__Bacteria (UID2982)	88	230	148	2	228	0	0	0	0	98.65	0.00	0.00
MAG075	p__Bacteroidetes (UID2605)	350	316	210	23	285	7	1	0	0	90.00	3.19	50.00
MAG076	o__Clostridiales (UID1120)	304	247	141	2	245	0	0	0	0	98.94	0.00	0.00
MAG077	k__Bacteria (UID203)	5449	104	58	22	77	5	0	0	0	71.76	3.92	0.00
MAG078	k__Bacteria (UID2569)	434	277	185	2	275	0	0	0	0	98.92	0.00	0.00
MAG079	c__Gammaproteobacteria (UID4274)	112	580	289	39	535	6	0	0	0	92.53	0.93	16.67
MAG080	c__Deltaproteobacteria (UID3216)	83	247	155	7	235	5	0	0	0	95.81	2.80	40.00
MAG081	k__Bacteria (UID1453)	901	171	117	18	151	2	0	0	0	87.18	1.28	0.00
MAG082	o__Rhizobiales (UID3447)	356	413	248	15	388	10	0	0	0	96.79	2.14	30.00
MAG083	k__Bacteria (UID203)	5449	104	58	35	66	3	0	0	0	66.35	2.74	0.00
MAG084	c__Deltaproteobacteria (UID3216)	83	247	155	94	145	8	0	0	0	55.34	3.80	0.00
MAG085	o__Actinomycetales (UID1696)	455	315	190	70	243	2	0	0	0	72.58	0.79	50.00
MAG086	k__Bacteria (UID1452)	924	155	106	65	88	2	0	0	0	51.89	1.89	0.00
MAG087	k__Bacteria (UID1452)	924	151	101	38	104	9	0	0	0	67.24	3.63	22.22
MAG088	k__Bacteria (UID2570)	433	272	182	2	266	4	0	0	0	98.90	1.65	0.00
MAG089	k__Bacteria (UID1452)	924	161	108	27	131	3	0	0	0	77.95	1.54	0.00
MAG090	k__Bacteria (UID1453)	901	171	117	12	156	3	0	0	0	92.02	2.14	33.33
MAG091	k__Bacteria (UID2565)	2921	152	93	15	133	4	0	0	0	85.48	2.35	0.00
MAG092	c__Deltaproteobacteria (UID3216)	83	247	155	10	237	0	0	0	0	93.87	0.00	0.00
MAG093	o__Burkholderiales (UID4000)	193	427	214	19	397	9	2	0	0	95.58	3.41	66.67
MAG094	k__Bacteria (UID1452)	924	151	101	3	147	1	0	0	0	97.69	0.99	0.00
MAG095	k__Bacteria (UID1452)	924	151	101	49	99	3	0	0	0	60.90	2.97	66.67
MAG096	o__Burkholderiales (UID4000)	193	426	214	25	384	17	0	0	0	94.25	5.87	52.94
MAG097	f__Rhodocyclaceae (UID3972)	30	540	241	13	523	4	0	0	0	96.54	0.44	0.00
MAG098	o__Burkholderiales (UID4000)	193	427	214	39	381	7	0	0	0	94.40	1.41	42.86
MAG099	o__Actinomycetales (UID1590)	562	286	170	105	178	3	0	0	0	65.55	0.88	66.67
MAG100	k__Bacteria (UID1453)	901	171	117	37	128	6	0	0	0	74.07	2.12	66.67
MAG101	o__Rhizobiales (UID3642)	107	485	316	56	416	13	0	0	0	86.54	1.80	38.46
MAG102	k__Bacteria (UID1452)	924	163	110	28	124	11	0	0	0	78.18	5.00	0.00
MAG103	k__Bacteria (UID2570)	433	273	183	4	266	3	0	0	0	98.34	1.11	0.00
MAG104	p__Bacteroidetes (UID2591)	364	303	203	6	295	2	0	0	0	97.51	0.99	0.00
MAG105	k__Bacteria (UID1452)	924	151	101	39	112	0	0	0	0	67.66	0.00	0.00
MAG106	k__Bacteria (UID1453)	901	171	117	35	134	2	0	0	0	73.68	1.28	0.00
MAG107	k__Bacteria (UID1453)	901	171	117	7	152	12	0	0	0	94.02	6.58	8.33
MAG108	k__Bacteria (UID2982)	88	230	148	8	219	2	1	0	0	95.27	2.16	0.00
MAG109	k__Bacteria (UID2569)	434	278	186	14	260	3	0	1	0	95.32	3.23	0.00
MAG110	k__Bacteria (UID2982)	88	230	148	25	201	4	0	0	0	85.14	0.96	50.00
MAG111	c__Betaproteobacteria (UID3888)	323	387	234	28	358	1	0	0	0	91.57	0.43	0.00
MAG112	k__Bacteria (UID2982)	88	229	148	19	206	4	0	0	0	90.51	2.36	0.00
MAG113	p__Bacteroidetes (UID2605)	350	316	210	74	234	8	0	0	0	77.75	1.24	25.00
MAG114	k__Bacteria (UID2495)	2993	143	89	45	97	1	0	0	0	65.37	0.19	100.00
MAG115	o__Rhizobiales (UID3642)	107	485	316	81	372	30	2	0	0	82.65	6.30	2.78
MAG116	k__Bacteria (UID2569)	434	277	185	47	230	0	0	0	0	81.08	0.00	0.00
MAG117	o__Actinomycetales (UID1696)	455	315	190	96	218	1	0	0	0	68.17	0.08	0.00
MAG118	k__Bacteria (UID1453)	901	171	117	36	132	3	0	0	0	79.43	1.57	0.00
MAG119	k__Bacteria (UID2982)	88	227	146	13	211	3	0	0	0	92.47	1.60	33.33
MAG120	k__Bacteria (UID2495)	2993	143	89	31	111	1	0	0	0	77.63	1.12	100.00
MAG121	p__Bacteroidetes (UID2605)	350	316	210	64	239	13	0	0	0	75.06	3.92	23.08
MAG122	k__Bacteria (UID203)	5449	104	58	18	86	0	0	0	0	74.69	0.00	0.00
MAG123	o__Actinomycetales (UID1696)	455	315	190	110	187	18	0	0	0	65.73	4.86	33.33
MAG124	p__Actinobacteria (UID1454)	732	199	116	9	189	1	0	0	0	94.97	0.86	0.00
MAG125	k__Bacteria (UID2982)	88	230	148	6	222	2	0	0	0	95.95	1.35	0.00
MAG126	k__Bacteria (UID1452)	924	151	101	58	86	7	0	0	0	57.18	1.54	0.00
MAG127	p__Bacteroidetes (UID2591)	364	303	203	3	299	1	0	0	0	98.52	0.49	0.00
MAG128	k__Bacteria (UID2570)	433	272	182	94	177	1	0	0	0	63.33	0.55	0.00
MAG129	k__Bacteria (UID2982)	88	230	148	81	135	14	0	0	0	64.33	6.79	0.00
MAG130	k__Bacteria (UID203)	5449	104	58	21	83	0	0	0	0	78.66	0.00	0.00
MAG131	p__Bacteroidetes (UID2591)	364	303	203	6	295	2	0	0	0	97.04	0.99	50.00
MAG132	k__Bacteria (UID2569)	434	278	186	25	248	5	0	0	0	94.81	1.97	0.00
MAG133	o__Burkholderiales (UID4001)	108	570	250	63	503	4	0	0	0	88.93	0.60	25.00
MAG134	k__Bacteria (UID1452)	924	160	109	40	119	1	0	0	0	66.51	0.92	0.00
MAG135	p__Bacteroidetes (UID2591)	364	303	203	6	292	5	0	0	0	97.68	1.12	0.00
MAG136	p__Bacteroidetes (UID2591)	364	303	203	2	300	1	0	0	0	99.01	0.25	0.00
MAG137	c__Spirochaetia (UID2496)	72	215	125	1	210	4	0	0	0	99.97	2.00	0.00
MAG138	k__Bacteria (UID203)	5449	104	58	15	89	0	0	0	0	77.43	0.00	0.00
MAG139	p__Bacteroidetes (UID2591)	364	302	203	108	190	4	0	0	0	64.82	1.40	25.00
MAG140	k__Bacteria (UID2565)	2921	142	87	3	139	0	0	0	0	97.63	0.00	0.00
MAG141	c__Gammaproteobacteria (UID4266)	1097	270	172	24	243	3	0	0	0	87.40	1.36	0.00
MAG142	k__Bacteria (UID1452)	924	161	108	43	118	0	0	0	0	64.81	0.00	0.00
MAG143	o__Actinomycetales (UID1696)	455	315	190	49	264	2	0	0	0	84.05	0.60	50.00
MAG144	k__Bacteria (UID1453)	901	171	117	28	137	6	0	0	0	81.97	3.50	50.00
MAG145	o__Actinomycetales (UID1663)	488	310	185	6	301	3	0	0	0	97.58	1.35	0.00
MAG146	k__Bacteria (UID1453)	901	171	117	11	158	2	0	0	0	91.17	1.28	0.00
MAG147	k__Bacteria (UID2495)	2993	139	83	20	118	1	0	0	0	79.52	0.60	0.00
MAG148	k__Bacteria (UID2982)	88	230	148	42	176	12	0	0	0	82.53	5.49	25.00
MAG149	c__Gammaproteobacteria (UID4274)	112	580	289	88	468	23	1	0	0	85.73	4.12	26.92
MAG150	o__Burkholderiales (UID4000)	193	427	214	18	406	3	0	0	0	95.18	0.70	33.33
MAG151	k__Bacteria (UID1453)	901	171	117	18	150	3	0	0	0	87.96	2.14	0.00
MAG152	p__Bacteroidetes (UID2605)	350	316	210	77	229	10	0	0	0	81.03	2.94	10.00
MAG153	k__Bacteria (UID1453)	901	171	117	13	155	3	0	0	0	89.89	1.71	0.00
MAG154	c__Betaproteobacteria (UID3959)	235	419	211	88	303	27	1	0	0	75.87	5.88	80.00
MAG155	k__Bacteria (UID3187)	2258	190	119	15	174	1	0	0	0	89.80	0.84	0.00
MAG156	k__Bacteria (UID1453)	901	171	117	4	163	4	0	0	0	96.58	2.99	0.00
MAG157	p__Euryarchaeota (UID49)	95	228	153	80	137	11	0	0	0	72.74	6.86	63.64
MAG158	k__Bacteria (UID2565)	2921	144	89	11	127	5	1	0	0	88.20	4.11	0.00
MAG159	k__Bacteria (UID2570)	433	272	182	1	271	0	0	0	0	99.45	0.00	0.00
MAG160	k__Bacteria (UID1452)	924	163	110	17	139	7	0	0	0	86.82	5.64	0.00
MAG161	k__Bacteria (UID2982)	88	229	147	5	221	3	0	0	0	98.03	1.70	33.33
MAG162	k__Bacteria (UID2982)	88	230	148	18	199	11	2	0	0	92.30	6.01	11.76
MAG163	k__Bacteria (UID2565)	2921	152	93	39	108	5	0	0	0	75.92	4.48	40.00
MAG164	k__Bacteria (UID2569)	434	278	186	30	236	12	0	0	0	88.44	4.89	8.33
MAG165	k__Bacteria (UID3187)	2258	181	110	7	170	4	0	0	0	95.85	3.18	0.00
MAG166	k__Bacteria (UID3187)	2258	182	112	68	113	1	0	0	0	64.47	0.45	0.00
MAG167	k__Bacteria (UID2565)	2921	152	93	10	139	2	1	0	0	91.51	3.76	20.00
MAG168	c__Betaproteobacteria (UID3959)	235	419	211	27	392	0	0	0	0	90.84	0.00	0.00
MAG169	p__Bacteroidetes (UID2591)	364	303	203	6	296	1	0	0	0	97.29	0.25	0.00
MAG170	p__Bacteroidetes (UID2605)	350	316	210	40	271	4	1	0	0	91.94	1.67	0.00
MAG171	o__Burkholderiales (UID4000)	193	427	214	2	423	2	0	0	0	99.61	0.50	0.00
MAG172	k__Bacteria (UID1453)	901	171	117	15	154	2	0	0	0	89.32	0.93	50.00
MAG173	p__Bacteroidetes (UID2591)	364	303	203	56	246	1	0	0	0	85.22	0.25	100.00
MAG174	k__Bacteria (UID1453)	901	171	117	37	125	9	0	0	0	74.54	4.30	22.22
MAG175	k__Bacteria (UID1452)	924	161	108	9	151	1	0	0	0	91.67	0.93	0.00
MAG176	c__Betaproteobacteria (UID3959)	235	419	211	49	365	5	0	0	0	85.62	1.07	20.00
MAG177	k__Bacteria (UID2570)	433	272	182	41	230	1	0	0	0	83.15	0.02	100.00
MAG178	k__Bacteria (UID1453)	901	171	117	50	121	0	0	0	0	62.54	0.00	0.00
MAG179	k__Bacteria (UID203)	5449	104	58	17	86	1	0	0	0	74.69	0.86	0.00
MAG180	k__Bacteria (UID2982)	88	229	147	86	133	10	0	0	0	62.19	3.85	0.00
MAG181	k__Bacteria (UID2982)	88	230	148	100	125	5	0	0	0	55.45	0.49	0.00
MAG182	p__Cyanobacteria (UID2143)	129	472	368	173	291	8	0	0	0	59.36	1.75	50.00
MAG183	k__Bacteria (UID2982)	88	230	148	28	196	6	0	0	0	86.50	2.77	33.33
MAG184	k__Bacteria (UID1452)	924	151	101	35	113	3	0	0	0	74.36	2.07	33.33
MAG185	c__Alphaproteobacteria (UID3422)	26	529	308	258	260	10	1	0	0	51.07	2.07	15.38
MAG186	k__Bacteria (UID2982)	88	230	148	19	199	12	0	0	0	92.94	5.19	16.67
MAG187	k__Bacteria (UID1453)	901	171	117	47	119	5	0	0	0	64.96	3.70	80.00
MAG188	c__Betaproteobacteria (UID3888)	323	387	234	5	382	0	0	0	0	98.24	0.00	0.00
MAG189	k__Bacteria (UID2982)	88	230	148	51	175	4	0	0	0	79.81	2.36	0.00
MAG190	k__Bacteria (UID2565)	2921	141	86	5	136	0	0	0	0	96.06	0.00	0.00
MAG191	o__Actinomycetales (UID1815)	120	572	265	29	540	3	0	0	0	94.75	0.15	66.67
MAG192	k__Archaea (UID2)	207	149	107	34	105	7	3	0	0	72.66	5.30	0.00
MAG193	k__Bacteria (UID2982)	88	229	147	36	185	7	1	0	0	86.32	5.58	30.00
MAG194	p__Bacteroidetes (UID2605)	350	316	210	12	301	3	0	0	0	95.48	0.65	33.33
MAG195	o__Actinomycetales (UID1696)	455	315	190	25	288	2	0	0	0	90.96	0.79	50.00
MAG196	o__Actinomycetales (UID1696)	455	315	190	98	206	11	0	0	0	69.57	3.53	36.36
MAG197	k__Bacteria (UID203)	5449	104	58	17	86	1	0	0	0	76.41	1.72	0.00
MAG198	c__Gammaproteobacteria (UID4443)	356	451	270	62	387	2	0	0	0	93.04	0.31	0.00
MAG199	k__Bacteria (UID2565)	2921	143	88	17	121	5	0	0	0	85.88	3.79	40.00
MAG200	k__Bacteria (UID2982)	88	230	148	17	204	9	0	0	0	89.49	2.51	44.44
MAG201	k__Bacteria (UID2982)	88	230	148	25	191	14	0	0	0	87.57	7.06	7.14
MAG202	k__Bacteria (UID2565)	2921	143	88	3	138	2	0	0	0	96.59	1.70	0.00
MAG203	p__Actinobacteria (UID1454)	732	199	116	42	153	4	0	0	0	76.64	3.02	0.00
MAG204	k__Bacteria (UID1453)	901	171	117	5	164	2	0	0	0	96.58	1.28	0.00
MAG205	k__Bacteria (UID1453)	901	171	117	0	169	2	0	0	0	100.00	1.28	0.00
MAG206	c__Clostridia (UID1085)	35	420	196	75	336	9	0	0	0	80.62	1.69	0.00
MAG207	k__Bacteria (UID2495)	2993	147	91	14	120	12	1	0	0	84.62	3.62	6.67
MAG208	k__Bacteria (UID2982)	88	230	148	13	215	2	0	0	0	94.44	1.01	0.00
MAG209	k__Bacteria (UID2565)	2921	142	87	50	92	0	0	0	0	62.86	0.00	0.00
MAG210	k__Bacteria (UID1453)	901	171	117	34	130	7	0	0	0	74.79	5.56	42.86
MAG211	p__Euryarchaeota (UID54)	90	234	153	29	202	3	0	0	0	89.14	1.33	66.67
MAG212	c__Deltaproteobacteria (UID3216)	83	247	155	106	137	4	0	0	0	58.96	2.26	0.00
MAG213	k__Bacteria (UID2982)	88	230	148	29	200	1	0	0	0	83.05	0.03	0.00
MAG214	k__Bacteria (UID2569)	434	278	186	10	266	2	0	0	0	97.96	0.32	50.00
MAG215	k__Bacteria (UID2570)	433	273	183	91	172	10	0	0	0	64.20	4.17	10.00
MAG216	c__Gammaproteobacteria (UID4274)	112	575	289	90	472	13	0	0	0	88.75	1.75	7.69
MAG217	k__Bacteria (UID1452)	924	163	110	23	135	4	1	0	0	85.30	5.45	14.29
MAG218	k__Bacteria (UID1452)	924	161	108	39	122	0	0	0	0	68.06	0.00	0.00
MAG219	k__Bacteria (UID2570)	433	272	182	51	210	10	1	0	0	81.34	5.82	46.15
MAG220	k__Bacteria (UID2565)	2921	143	88	32	108	3	0	0	0	80.13	2.84	0.00
MAG221	k__Bacteria (UID2982)	88	230	148	45	178	7	0	0	0	83.00	4.19	28.57
MAG222	c__Gammaproteobacteria (UID4274)	112	580	289	77	486	15	2	0	0	85.06	4.66	76.19
MAG223	k__Bacteria (UID2982)	88	229	147	3	221	5	0	0	0	97.96	2.61	20.00
MAG224	k__Bacteria (UID2982)	88	230	148	5	222	3	0	0	0	97.30	1.52	0.00
MAG225	k__Bacteria (UID2570)	433	272	182	30	236	6	0	0	0	95.43	2.75	16.67
MAG226	p__Actinobacteria (UID1454)	732	199	116	10	188	1	0	0	0	93.68	0.86	100.00
MAG227	c__Alphaproteobacteria (UID3305)	564	349	230	38	303	8	0	0	0	87.46	2.83	37.50
MAG228	k__Bacteria (UID2982)	88	230	148	8	215	7	0	0	0	95.27	4.05	28.57
MAG229	p__Euryarchaeota (UID49)	95	228	153	18	208	2	0	0	0	90.31	1.31	0.00
MAG230	k__Bacteria (UID2570)	433	270	179	1	268	1	0	0	0	99.44	0.56	0.00
MAG231	k__Bacteria (UID2329)	174	149	89	55	89	5	0	0	0	56.10	5.06	40.00
MAG232	c__Deltaproteobacteria (UID3216)	83	246	155	45	189	12	0	0	0	82.49	4.18	33.33
MAG233	k__Bacteria (UID2495)	2993	143	89	28	115	0	0	0	0	73.31	0.00	0.00
MAG234	k__Bacteria (UID1452)	924	161	108	38	112	7	4	0	0	71.35	6.53	68.42
MAG235	o__Rhodospirillales (UID3754)	63	336	201	14	321	1	0	0	0	95.84	0.50	100.00
MAG236	k__Bacteria (UID2569)	434	278	186	15	261	2	0	0	0	97.40	0.81	0.00
MAG237	k__Bacteria (UID1453)	901	171	117	57	103	11	0	0	0	61.62	5.89	0.00
MAG238	k__Bacteria (UID2495)	2993	143	89	19	123	1	0	0	0	82.86	1.12	0.00
MAG239	c__Gammaproteobacteria (UID4274)	112	580	289	26	549	5	0	0	0	94.52	0.92	40.00
MAG240	o__Actinomycetales (UID1696)	455	315	190	81	230	4	0	0	0	79.49	1.84	25.00
MAG241	k__Bacteria (UID203)	5449	104	58	9	93	2	0	0	0	87.93	3.45	0.00
MAG242	c__Betaproteobacteria (UID3959)	235	418	210	7	407	4	0	0	0	97.47	0.58	25.00
MAG243	p__Bacteroidetes (UID2591)	364	303	203	73	211	19	0	0	0	70.46	5.74	52.63
MAG244	o__Rhizobiales (UID3642)	107	485	316	28	450	7	0	0	0	93.42	1.78	28.57
MAG245	o__Actinomycetales (UID1663)	488	310	185	14	289	7	0	0	0	94.88	1.67	0.00
MAG246	o__Burkholderiales (UID4000)	193	427	214	37	359	30	1	0	0	93.04	4.74	27.27
MAG247	p__Actinobacteria (UID1454)	732	206	120	21	174	11	0	0	0	89.29	4.03	9.09
MAG248	k__Bacteria (UID2565)	2921	142	87	51	82	9	0	0	0	56.39	2.92	66.67
MAG249	k__Bacteria (UID2495)	2993	143	89	19	118	6	0	0	0	81.92	1.63	0.00
MAG250	k__Bacteria (UID1453)	901	171	117	2	167	2	0	0	0	98.29	1.28	0.00
MAG251	k__Bacteria (UID1452)	924	155	106	32	121	2	0	0	0	82.29	1.89	50.00
MAG252	p__Bacteroidetes (UID2591)	364	303	203	23	277	3	0	0	0	92.62	0.49	0.00
MAG253	o__Actinomycetales (UID1696)	455	315	190	46	268	1	0	0	0	85.99	0.26	0.00
MAG254	g__Mycobacterium (UID1816)	100	693	300	88	554	51	0	0	0	85.44	7.01	3.92
MAG255	c__Betaproteobacteria (UID3959)	235	419	211	9	394	16	0	0	0	97.14	4.11	18.75
MAG256	p__Bacteroidetes (UID2591)	364	303	203	138	143	22	0	0	0	50.21	7.14	0.00
MAG257	k__Bacteria (UID2495)	2993	143	89	11	130	2	0	0	0	88.76	2.25	0.00
MAG258	k__Archaea (UID2)	207	149	107	44	103	2	0	0	0	67.91	1.40	0.00
MAG259	o__Actinomycetales (UID1696)	455	315	190	52	259	4	0	0	0	82.99	0.68	50.00
MAG260	k__Bacteria (UID2495)	2993	143	89	48	95	0	0	0	0	61.05	0.00	0.00
MAG261	k__Bacteria (UID1452)	924	161	108	20	133	8	0	0	0	87.91	5.71	12.50
MAG262	k__Bacteria (UID1452)	924	161	108	59	101	1	0	0	0	60.02	0.93	100.00
MAG263	p__Cyanobacteria (UID2143)	129	472	368	48	421	3	0	0	0	87.82	0.42	66.67
MAG264	k__Bacteria (UID1453)	901	171	117	28	141	2	0	0	0	82.74	1.71	50.00
MAG265	k__Bacteria (UID2570)	433	272	182	25	244	3	0	0	0	91.76	1.65	66.67
MAG266	k__Bacteria (UID2982)	88	230	148	63	164	3	0	0	0	71.02	2.03	0.00
MAG267	o__Burkholderiales (UID4000)	193	427	214	48	376	3	0	0	0	89.80	0.82	66.67
MAG268	k__Bacteria (UID1453)	901	171	117	52	119	0	0	0	0	60.09	0.00	0.00
MAG269	o__Rhodospirillales (UID3754)	63	336	201	3	322	11	0	0	0	98.84	2.50	72.73
MAG270	p__Actinobacteria (UID1454)	732	199	116	8	189	2	0	0	0	96.26	1.29	0.00
MAG271	p__Bacteroidetes (UID2605)	350	316	210	27	282	7	0	0	0	93.04	1.70	14.29
MAG272	c__Deltaproteobacteria (UID3216)	83	247	155	12	234	1	0	0	0	93.49	0.65	0.00
MAG273	k__Bacteria (UID2565)	2921	141	86	10	126	4	1	0	0	92.68	5.23	0.00
MAG274	k__Bacteria (UID2372)	131	177	106	68	104	5	0	0	0	64.20	2.59	0.00
MAG275	k__Bacteria (UID2495)	2993	143	89	22	121	0	0	0	0	80.51	0.00	0.00
MAG276	c__Deltaproteobacteria (UID3216)	83	247	155	101	136	10	0	0	0	54.25	3.58	30.00
MAG277	o__Actinomycetales (UID1696)	455	315	190	27	288	0	0	0	0	89.26	0.00	0.00
MAG278	k__Bacteria (UID1453)	901	171	117	47	121	3	0	0	0	70.56	1.80	0.00
MAG279	k__Bacteria (UID2565)	2921	143	88	1	142	0	0	0	0	98.86	0.00	0.00
MAG280	k__Bacteria (UID2570)	433	272	182	46	221	5	0	0	0	85.06	1.92	80.00
MAG281	k__Bacteria (UID2495)	2993	143	89	24	119	0	0	0	0	77.24	0.00	0.00
MAG282	k__Bacteria (UID1452)	924	151	101	30	121	0	0	0	0	72.28	0.00	0.00
MAG283	k__Bacteria (UID2565)	2921	144	89	10	134	0	0	0	0	91.01	0.00	0.00
MAG284	k__Bacteria (UID2569)	434	278	186	26	247	5	0	0	0	91.13	2.15	0.00
MAG285	k__Bacteria (UID2982)	88	230	148	59	153	18	0	0	0	68.11	5.68	0.00
MAG286	k__Bacteria (UID2570)	433	272	182	2	264	6	0	0	0	98.90	2.75	0.00
MAG287	o__Actinomycetales (UID1663)	488	310	185	134	161	15	0	0	0	53.36	3.74	6.67
MAG288	k__Bacteria (UID2495)	2993	143	89	41	102	0	0	0	0	68.54	0.00	0.00
MAG289	k__Bacteria (UID2565)	2921	143	88	12	131	0	0	0	0	87.27	0.00	0.00
MAG290	k__Bacteria (UID2565)	2921	152	93	50	96	6	0	0	0	62.84	3.52	0.00
MAG291	k__Bacteria (UID1452)	924	161	108	43	117	1	0	0	0	65.90	0.93	0.00
MAG292	k__Bacteria (UID1452)	924	151	101	35	116	0	0	0	0	70.30	0.00	0.00
MAG293	k__Bacteria (UID2982)	88	230	148	74	155	1	0	0	0	60.64	0.04	0.00
MAG294	p__Actinobacteria (UID1454)	732	200	117	30	167	3	0	0	0	81.04	1.71	33.33
MAG295	k__Bacteria (UID2565)	2921	152	93	11	134	6	1	0	0	89.90	7.09	44.44
MAG296	o__Bacteroidales (UID2617)	213	406	265	33	365	7	1	0	0	90.87	2.48	10.00
MAG297	o__Burkholderiales (UID4000)	193	427	214	8	415	4	0	0	0	98.34	1.01	0.00
MAG298	k__Bacteria (UID2982)	88	230	148	1	220	8	1	0	0	99.32	6.08	0.00
MAG299	k__Bacteria (UID203)	5449	104	58	21	83	0	0	0	0	70.38	0.00	0.00
MAG300	c__Deltaproteobacteria (UID3216)	83	247	155	63	175	8	1	0	0	72.12	5.70	0.00
MAG301	o__Burkholderiales (UID4001)	108	570	250	41	526	3	0	0	0	91.33	0.32	66.67
MAG302	o__Rhizobiales (UID3447)	356	413	248	9	401	3	0	0	0	97.78	0.67	33.33
MAG303	k__Bacteria (UID2495)	2993	143	89	42	101	0	0	0	0	69.32	0.00	0.00
MAG304	c__Betaproteobacteria (UID3888)	323	387	234	105	282	0	0	0	0	74.75	0.00	0.00
MAG305	k__Bacteria (UID203)	5449	104	58	18	79	6	1	0	0	73.12	8.05	0.00
MAG306	o__Cytophagales (UID2936)	47	454	336	1	450	3	0	0	0	99.70	0.55	0.00
MAG307	k__Bacteria (UID2569)	434	278	186	3	269	6	0	0	0	98.39	2.42	0.00
MAG308	k__Bacteria (UID2982)	88	230	148	116	111	3	0	0	0	50.72	1.69	0.00
MAG309	o__Actinomycetales (UID1696)	455	315	190	38	276	1	0	0	0	83.96	0.53	0.00
MAG310	k__Bacteria (UID1453)	901	171	117	1	167	3	0	0	0	99.15	2.14	0.00
MAG311	c__Betaproteobacteria (UID3959)	235	420	211	20	368	31	1	0	0	94.00	5.10	32.35
MAG312	c__Deltaproteobacteria (UID3216)	83	247	155	36	200	10	1	0	0	81.18	7.10	15.38
MAG313	p__Bacteroidetes (UID2591)	364	303	203	6	295	2	0	0	0	98.47	0.74	0.00
MAG314	k__Bacteria (UID1453)	901	171	117	3	168	0	0	0	0	97.86	0.00	0.00
MAG315	c__Betaproteobacteria (UID3971)	223	425	211	30	373	20	2	0	0	93.61	3.02	7.69
MAG316	o__Actinomycetales (UID1696)	455	315	190	80	219	16	0	0	0	77.18	4.48	31.25
MAG317	p__Actinobacteria (UID1454)	732	200	117	15	184	1	0	0	0	88.89	0.85	0.00
MAG318	k__Bacteria (UID2495)	2993	143	89	3	139	1	0	0	0	97.69	1.12	0.00
MAG319	k__Bacteria (UID1452)	924	160	109	10	148	2	0	0	0	98.17	1.38	0.00
MAG320	k__Bacteria (UID2982)	88	230	148	9	217	4	0	0	0	95.38	1.72	25.00
MAG321	o__Actinomycetales (UID1663)	488	310	185	53	247	9	1	0	0	83.27	4.31	41.67
MAG322	k__Bacteria (UID203)	5449	104	58	27	77	0	0	0	0	64.18	0.00	0.00
MAG323	o__Actinomycetales (UID1696)	455	315	190	97	209	9	0	0	0	65.07	1.32	22.22
MAG324	k__Bacteria (UID1452)	924	163	110	75	78	10	0	0	0	50.21	5.05	70.00
MAG325	k__Bacteria (UID2495)	2993	143	89	29	112	2	0	0	0	71.25	2.25	0.00
MAG326	k__Bacteria (UID2982)	88	227	146	4	222	1	0	0	0	97.26	0.34	0.00
MAG327	k__Bacteria (UID1453)	901	171	117	52	119	0	0	0	0	61.25	0.00	0.00
MAG328	k__Bacteria (UID1452)	924	151	101	42	109	0	0	0	0	64.36	0.00	0.00
MAG329	p__Bacteroidetes (UID2591)	364	303	203	64	224	12	3	0	0	88.55	5.58	66.67
MAG330	k__Bacteria (UID1452)	924	161	108	8	152	1	0	0	0	93.06	0.93	0.00
MAG331	c__Deltaproteobacteria (UID3216)	83	247	155	70	168	9	0	0	0	74.30	5.05	55.56
MAG332	k__Bacteria (UID2495)	2993	143	89	0	140	3	0	0	0	100.00	2.81	0.00
MAG333	k__Bacteria (UID1453)	901	171	117	3	166	2	0	0	0	97.44	1.28	0.00
MAG334	k__Bacteria (UID1453)	901	171	117	58	105	7	1	0	0	66.30	5.13	30.00
MAG335	k__Bacteria (UID1452)	924	161	108	44	116	1	0	0	0	64.51	0.93	0.00
MAG336	c__Alphaproteobacteria (UID3305)	564	348	229	32	290	23	3	0	0	90.17	9.72	78.12
MAG337	o__Actinomycetales (UID1815)	120	572	265	19	546	7	0	0	0	96.32	1.05	42.86
MAG338	k__Bacteria (UID1453)	901	171	117	1	168	2	0	0	0	99.15	1.28	0.00
MAG339	o__Actinomycetales (UID1696)	455	315	190	60	244	10	1	0	0	84.56	4.43	69.23
MAG340	k__Bacteria (UID1452)	924	155	106	7	146	2	0	0	0	94.81	1.13	0.00
MAG341	p__Actinobacteria (UID1454)	732	200	117	4	189	7	0	0	0	97.01	4.70	0.00
MAG342	k__Bacteria (UID1452)	924	151	101	38	113	0	0	0	0	67.33	0.00	0.00
MAG343	o__Actinomycetales (UID1696)	455	315	190	36	278	1	0	0	0	87.66	0.53	0.00
MAG344	k__Bacteria (UID1452)	924	161	108	34	121	5	1	0	0	77.08	4.63	12.50
MAG345	k__Bacteria (UID203)	5449	104	58	19	85	0	0	0	0	74.53	0.00	0.00
MAG346	p__Euryarchaeota (UID54)	90	234	153	30	203	1	0	0	0	85.89	0.65	100.00
MAG347	k__Bacteria (UID2982)	88	230	148	14	216	0	0	0	0	91.78	0.00	0.00
MAG348	k__Bacteria (UID2495)	2993	143	89	6	136	1	0	0	0	95.81	1.12	0.00
MAG349	c__Alphaproteobacteria (UID3422)	26	529	308	24	501	4	0	0	0	94.96	1.01	50.00
MAG350	k__Bacteria (UID2569)	434	278	186	87	187	4	0	0	0	68.38	1.88	25.00
MAG351	k__Bacteria (UID2569)	434	278	186	2	275	1	0	0	0	98.92	0.27	0.00
MAG352	k__Bacteria (UID1453)	901	171	117	18	150	3	0	0	0	86.32	2.14	33.33
MAG353	k__Bacteria (UID203)	5449	104	58	15	89	0	0	0	0	78.29	0.00	0.00
MAG354	o__Actinomycetales (UID1815)	120	572	265	44	526	2	0	0	0	92.22	0.25	50.00
MAG355	k__Bacteria (UID2495)	2993	143	89	13	129	1	0	0	0	91.91	1.12	100.00
MAG356	k__Bacteria (UID2495)	2993	143	89	70	71	2	0	0	0	54.83	1.50	0.00
MAG357	k__Bacteria (UID1452)	924	161	108	20	140	1	0	0	0	81.94	0.93	0.00
MAG358	o__Flavobacteriales (UID2815)	123	324	204	39	257	27	0	1	0	85.77	9.78	0.00
MAG359	o__Burkholderiales (UID4000)	193	427	214	81	341	5	0	0	0	79.19	1.12	60.00
MAG360	f__Flavobacteriaceae (UID2817)	81	511	283	60	443	8	0	0	0	88.31	1.54	25.00
MAG361	k__Bacteria (UID2982)	88	230	148	19	205	5	1	0	0	91.33	3.76	37.50
MAG362	k__Bacteria (UID203)	5449	104	58	23	72	9	0	0	0	68.56	3.68	0.00
MAG363	p__Actinobacteria (UID1454)	732	199	116	17	182	0	0	0	0	87.93	0.00	0.00
MAG364	k__Bacteria (UID2565)	2921	152	93	7	144	1	0	0	0	94.62	1.08	0.00
MAG365	k__Bacteria (UID2569)	434	278	186	44	210	23	1	0	0	90.04	10.00	30.77
MAG366	k__Bacteria (UID2570)	433	273	183	20	250	3	0	0	0	91.26	1.64	33.33
MAG367	o__Burkholderiales (UID4000)	193	427	214	56	341	30	0	0	0	89.61	8.40	53.33
MAG368	o__Actinomycetales (UID1696)	455	315	190	127	175	13	0	0	0	57.88	4.29	61.54
MAG369	k__Bacteria (UID1452)	924	151	101	31	119	1	0	0	0	73.27	0.99	0.00
MAG370	p__Actinobacteria (UID1454)	732	199	116	64	135	0	0	0	0	59.99	0.00	0.00
MAG371	k__Bacteria (UID1452)	924	161	108	42	119	0	0	0	0	66.36	0.00	0.00
MAG372	k__Bacteria (UID2495)	2993	143	89	57	82	3	1	0	0	60.51	3.50	0.00
MAG373	c__Deltaproteobacteria (UID3216)	83	247	155	9	236	2	0	0	0	94.52	0.43	0.00
MAG374	o__Actinomycetales (UID1696)	455	315	190	69	246	0	0	0	0	77.75	0.00	0.00
MAG375	o__Burkholderiales (UID4000)	193	427	214	130	260	35	2	0	0	73.78	6.44	7.32
MAG376	o__Actinomycetales (UID1663)	488	310	185	105	203	2	0	0	0	64.59	0.59	50.00
MAG377	o__Burkholderiales (UID4000)	193	427	214	144	248	31	4	0	0	61.39	8.23	48.84
MAG378	p__Bacteroidetes (UID2591)	364	303	203	5	297	1	0	0	0	98.33	0.25	0.00
MAG379	k__Bacteria (UID1452)	924	151	101	32	119	0	0	0	0	72.28	0.00	0.00
MAG380	p__Euryarchaeota (UID54)	90	234	153	45	185	4	0	0	0	95.75	1.96	25.00
MAG381	k__Bacteria (UID1453)	901	171	117	83	87	1	0	0	0	52.07	0.43	0.00
MAG382	c__Betaproteobacteria (UID3959)	235	418	210	3	410	3	2	0	0	99.05	1.51	33.33
MAG383	k__Bacteria (UID1452)	924	151	101	48	96	7	0	0	0	61.35	2.81	42.86
MAG384	k__Bacteria (UID2982)	88	230	148	28	201	1	0	0	0	86.72	0.68	0.00
MAG385	k__Bacteria (UID3187)	2258	182	112	22	158	2	0	0	0	84.81	1.79	50.00
MAG386	k__Bacteria (UID1452)	924	161	108	37	123	1	0	0	0	70.83	0.93	0.00
MAG387	k__Bacteria (UID1452)	924	163	110	26	132	5	0	0	0	79.70	3.01	0.00
MAG388	p__Proteobacteria (UID3887)	1487	259	162	76	180	3	0	0	0	73.63	1.85	0.00
MAG389	k__Bacteria (UID1452)	924	161	108	39	122	0	0	0	0	68.06	0.00	0.00
MAG390	o__Actinomycetales (UID1663)	488	310	185	26	283	1	0	0	0	88.88	0.54	0.00
MAG391	k__Bacteria (UID1453)	901	171	117	6	160	5	0	0	0	95.73	2.56	0.00
MAG392	k__Bacteria (UID2565)	2921	140	85	3	135	2	0	0	0	97.58	1.57	0.00
MAG393	o__Burkholderiales (UID4001)	108	570	250	21	545	4	0	0	0	95.40	0.86	0.00
MAG394	o__Burkholderiales (UID4001)	108	570	250	38	527	5	0	0	0	91.07	0.54	20.00
MAG395	k__Bacteria (UID2569)	434	278	186	5	270	3	0	0	0	98.64	1.08	0.00
MAG396	c__Betaproteobacteria (UID3971)	223	425	211	78	324	22	1	0	0	85.12	4.12	28.00
MAG397	o__Actinomycetales (UID1572)	580	286	171	69	203	13	1	0	0	70.58	1.78	25.00
MAG398	k__Bacteria (UID2569)	434	278	186	0	278	0	0	0	0	100.00	0.00	0.00
MAG399	k__Bacteria (UID2495)	2993	143	89	4	130	9	0	0	0	95.51	7.30	44.44
MAG400	p__Bacteroidetes (UID2605)	350	316	210	46	239	30	1	0	0	82.30	9.52	0.00
MAG401	k__Bacteria (UID2569)	434	278	186	99	167	10	2	0	0	64.97	4.55	6.25
MAG402	k__Bacteria (UID1453)	901	171	117	53	115	3	0	0	0	60.97	0.51	66.67
MAG403	k__Bacteria (UID2495)	2993	143	89	59	84	0	0	0	0	52.08	0.00	0.00
MAG404	k__Bacteria (UID2569)	434	278	186	4	270	4	0	0	0	98.39	1.08	0.00
MAG405	k__Bacteria (UID2982)	88	230	148	7	212	10	1	0	0	96.28	6.67	0.00
MAG406	k__Bacteria (UID2495)	2993	143	89	40	102	1	0	0	0	67.57	1.12	0.00
MAG407	k__Archaea (UID2)	207	149	107	50	99	0	0	0	0	59.50	0.00	0.00
MAG408	k__Bacteria (UID2565)	2921	152	93	44	103	5	0	0	0	67.07	4.84	40.00
MAG409	k__Bacteria (UID1452)	924	161	108	34	124	3	0	0	0	77.47	1.85	0.00
MAG410	k__Bacteria (UID1453)	901	171	117	5	161	5	0	0	0	95.73	1.79	0.00
MAG411	k__Bacteria (UID2982)	88	230	148	71	151	8	0	0	0	67.38	4.62	0.00
MAG412	c__Alphaproteobacteria (UID3305)	564	348	229	11	331	6	0	0	0	96.72	1.86	16.67
MAG413	k__Bacteria (UID2569)	434	278	186	76	191	11	0	0	0	71.16	4.57	45.45
MAG414	o__Actinomycetales (UID1696)	455	315	190	39	275	1	0	0	0	84.63	0.13	100.00
MAG415	k__Bacteria (UID2495)	2993	141	87	38	87	14	2	0	0	70.22	8.90	15.00
MAG416	k__Bacteria (UID203)	5449	104	58	13	91	0	0	0	0	81.17	0.00	0.00
MAG417	k__Bacteria (UID1452)	924	161	108	56	101	4	0	0	0	63.69	1.23	25.00
MAG418	k__Bacteria (UID2565)	2921	143	88	12	131	0	0	0	0	88.26	0.00	0.00
MAG419	c__Betaproteobacteria (UID3888)	323	387	234	40	345	2	0	0	0	86.86	0.85	0.00
MAG420	o__Actinomycetales (UID1696)	455	315	190	65	249	1	0	0	0	82.82	0.53	100.00
MAG421	k__Bacteria (UID2570)	433	272	182	4	268	0	0	0	0	97.80	0.00	0.00
MAG422	k__Bacteria (UID203)	5449	104	58	12	92	0	0	0	0	82.89	0.00	0.00
MAG423	p__Bacteroidetes (UID2605)	350	316	210	4	307	5	0	0	0	98.10	1.19	0.00
MAG424	k__Bacteria (UID1452)	924	151	101	33	116	2	0	0	0	71.78	1.98	50.00
MAG425	o__Actinomycetales (UID1696)	455	315	190	32	282	1	0	0	0	88.12	0.05	100.00
MAG426	k__Bacteria (UID2982)	88	227	146	45	180	2	0	0	0	84.25	0.68	0.00
MAG427	k__Bacteria (UID2565)	2921	152	93	13	138	1	0	0	0	88.83	1.08	0.00
MAG428	p__Actinobacteria (UID1454)	732	200	117	6	193	1	0	0	0	94.87	0.43	100.00
MAG429	k__Bacteria (UID2569)	434	278	186	8	265	5	0	0	0	96.77	1.52	0.00
MAG430	p__Bacteroidetes (UID2605)	350	316	210	56	258	2	0	0	0	85.62	0.71	0.00
MAG431	c__Deltaproteobacteria (UID3216)	83	246	155	4	240	2	0	0	0	97.74	1.29	0.00
MAG432	k__Bacteria (UID3187)	2258	190	119	31	156	3	0	0	0	79.08	0.84	0.00
MAG433	o__Actinomycetales (UID1696)	455	315	190	42	273	0	0	0	0	86.83	0.00	0.00
MAG434	p__Euryarchaeota (UID3)	148	187	124	18	166	3	0	0	0	89.35	1.48	100.00
MAG435	k__Bacteria (UID1453)	901	171	117	64	107	0	0	0	0	55.59	0.00	0.00
MAG436	c__Betaproteobacteria (UID3959)	235	420	211	75	333	12	0	0	0	82.53	3.07	58.33
MAG437	k__Bacteria (UID2982)	88	229	147	9	219	1	0	0	0	94.76	0.68	0.00
MAG438	f__Rhodobacteraceae (UID3340)	84	568	330	41	502	24	1	0	0	91.78	4.59	18.52
MAG439	c__Deltaproteobacteria (UID3216)	83	247	155	80	163	4	0	0	0	67.21	2.26	0.00
MAG440	k__Bacteria (UID2495)	2993	147	91	16	129	2	0	0	0	92.51	2.20	0.00
MAG441	k__Bacteria (UID2982)	88	230	148	28	193	9	0	0	0	84.36	4.39	0.00
MAG442	o__Burkholderiales (UID4000)	193	427	214	2	423	1	1	0	0	99.07	0.09	0.00
MAG443	c__Deltaproteobacteria (UID3216)	83	247	155	44	198	5	0	0	0	77.99	0.74	20.00
MAG444	k__Bacteria (UID2982)	88	230	148	38	192	0	0	0	0	83.90	0.00	0.00
MAG445	p__Cyanobacteria (UID2143)	129	472	368	2	469	1	0	0	0	99.46	0.27	0.00
MAG446	p__Euryarchaeota (UID54)	90	234	153	16	214	4	0	0	0	90.85	1.55	50.00
MAG447	k__Bacteria (UID2329)	174	149	89	52	87	8	0	2	0	68.35	7.42	20.00
MAG448	k__Bacteria (UID1452)	924	155	106	4	150	1	0	0	0	97.80	0.94	100.00
MAG449	k__Bacteria (UID2565)	2921	141	86	4	137	0	0	0	0	96.41	0.00	0.00
MAG450	k__Bacteria (UID2982)	88	230	148	17	213	0	0	0	0	89.86	0.00	0.00
MAG451	k__Bacteria (UID1453)	901	171	117	39	132	0	0	0	0	67.52	0.00	0.00
MAG452	k__Bacteria (UID1452)	924	161	108	46	114	1	0	0	0	63.58	0.93	0.00
MAG453	k__Bacteria (UID1452)	924	161	108	39	120	2	0	0	0	68.52	1.85	0.00
MAG454	k__Bacteria (UID2982)	88	230	148	46	176	7	1	0	0	78.94	3.01	0.00
MAG455	k__Bacteria (UID1453)	901	171	117	7	158	5	1	0	0	94.78	5.13	12.50
MAG456	k__Bacteria (UID2569)	434	278	186	27	227	24	0	0	0	87.42	7.54	4.17
MAG457	o__Burkholderiales (UID4000)	193	427	214	13	406	8	0	0	0	96.72	2.43	25.00
MAG458	k__Bacteria (UID2569)	434	278	186	8	268	2	0	0	0	96.06	0.81	50.00
MAG459	k__Bacteria (UID1453)	901	171	117	59	109	3	0	0	0	55.62	1.71	33.33
MAG460	c__Gammaproteobacteria (UID4274)	112	580	289	60	488	27	4	1	0	89.74	7.58	48.89
MAG461	o__Actinomycetales (UID1696)	455	315	190	29	286	0	0	0	0	89.41	0.00	0.00
MAG462	k__Bacteria (UID1452)	924	161	108	46	115	0	0	0	0	64.04	0.00	0.00
MAG463	k__Bacteria (UID2495)	2993	147	91	3	142	2	0	0	0	97.80	2.20	0.00
MAG464	k__Bacteria (UID2565)	2921	152	93	59	91	2	0	0	0	52.87	1.14	50.00
MAG465	k__Archaea (UID2)	207	149	107	45	101	3	0	0	0	65.58	0.69	0.00
MAG466	c__Betaproteobacteria (UID3971)	223	425	211	62	336	25	2	0	0	86.28	6.06	9.68
MAG467	k__Bacteria (UID1452)	924	161	108	45	116	0	0	0	0	63.43	0.00	0.00
MAG468	o__Burkholderiales (UID4000)	193	427	214	62	357	8	0	0	0	88.11	1.79	50.00
MAG469	c__Betaproteobacteria (UID3959)	235	419	211	176	233	10	0	0	0	57.14	2.49	0.00
MAG470	p__Bacteroidetes (UID2605)	350	316	210	11	301	2	1	1	0	96.03	2.62	0.00
MAG471	p__Actinobacteria (UID1454)	732	199	116	58	133	8	0	0	0	69.40	4.60	37.50
MAG472	k__Bacteria (UID1453)	901	171	117	22	147	2	0	0	0	87.18	1.28	0.00
MAG473	k__Bacteria (UID2982)	88	230	148	2	222	6	0	0	0	98.65	3.72	0.00
MAG474	k__Bacteria (UID2570)	433	272	182	1	271	0	0	0	0	99.45	0.00	0.00
MAG475	o__Burkholderiales (UID4000)	193	427	214	44	381	2	0	0	0	90.13	0.12	0.00
MAG476	o__Burkholderiales (UID4000)	193	427	214	115	299	13	0	0	0	71.39	2.57	38.46
MAG477	k__Bacteria (UID2495)	2993	143	89	37	106	0	0	0	0	73.17	0.00	0.00
MAG478	k__Bacteria (UID203)	5449	104	58	14	89	1	0	0	0	79.00	1.72	0.00
MAG479	p__Actinobacteria (UID1454)	732	200	117	16	184	0	0	0	0	91.45	0.00	0.00
MAG480	p__Actinobacteria (UID1454)	732	199	116	6	189	4	0	0	0	96.12	2.01	0.00
MAG481	o__Actinomycetales (UID1663)	488	310	185	53	257	0	0	0	0	78.17	0.00	0.00
MAG482	c__Deltaproteobacteria (UID3216)	83	246	155	78	160	7	1	0	0	64.22	3.93	20.00
MAG483	k__Bacteria (UID2565)	2921	141	86	25	110	6	0	0	0	79.04	3.81	16.67
MAG484	c__Gammaproteobacteria (UID4274)	112	580	289	8	561	11	0	0	0	99.08	1.90	18.18
MAG485	k__Bacteria (UID1453)	901	171	117	33	132	5	1	0	0	76.73	3.38	12.50
MAG486	o__Actinomycetales (UID1815)	120	572	265	79	488	5	0	0	0	86.92	0.76	40.00
MAG487	k__Bacteria (UID1453)	901	171	117	33	134	4	0	0	0	83.52	2.99	25.00
MAG488	k__Bacteria (UID1453)	901	171	117	51	119	1	0	0	0	60.26	0.85	0.00
MAG489	k__Bacteria (UID2569)	434	278	186	3	270	5	0	0	0	98.39	2.15	0.00
MAG490	k__Bacteria (UID1452)	924	151	101	32	118	1	0	0	0	71.36	0.11	100.00
MAG491	o__Actinomycetales (UID1663)	488	310	185	58	236	11	5	0	0	80.89	4.05	34.62
MAG492	k__Bacteria (UID2565)	2921	152	93	45	102	5	0	0	0	74.27	3.83	20.00
MAG493	k__Bacteria (UID2569)	434	278	186	3	259	16	0	0	0	99.28	7.58	0.00
MAG494	k__Bacteria (UID2569)	434	278	186	7	270	1	0	0	0	97.03	0.27	0.00
MAG495	o__Burkholderiales (UID4000)	193	427	214	101	303	23	0	0	0	76.63	4.80	52.17
MAG496	k__Bacteria (UID1452)	924	151	101	32	118	1	0	0	0	70.30	0.99	0.00
MAG497	k__Bacteria (UID2982)	88	230	148	87	137	6	0	0	0	53.44	2.74	0.00
MAG498	k__Bacteria (UID2982)	88	229	147	13	209	7	0	0	0	93.66	2.36	28.57
MAG499	k__Bacteria (UID2982)	88	230	148	11	217	1	1	0	0	93.92	1.38	25.00
MAG500	k__Bacteria (UID1452)	924	151	101	39	112	0	0	0	0	66.82	0.00	0.00
MAG501	o__Sphingomonadales (UID3310)	26	569	293	2	562	5	0	0	0	99.82	1.11	0.00
MAG502	o__Clostridiales (UID1120)	304	250	143	35	214	1	0	0	0	84.70	0.35	100.00
MAG503	o__Burkholderiales (UID4000)	193	427	214	42	379	6	0	0	0	90.21	1.34	50.00
MAG504	k__Bacteria (UID2570)	433	272	182	5	267	0	0	0	0	98.08	0.00	0.00
MAG505	p__Actinobacteria (UID1454)	732	199	116	25	172	2	0	0	0	84.20	0.86	0.00
MAG506	c__Deltaproteobacteria (UID3216)	83	247	155	12	229	6	0	0	0	92.90	1.55	50.00
MAG507	p__Cyanobacteria (UID2143)	129	472	368	84	375	12	1	0	0	82.39	3.58	40.00
MAG508	k__Bacteria (UID2982)	88	229	147	25	199	5	0	0	0	93.48	1.34	0.00
MAG509	o__Actinomycetales (UID1590)	562	286	170	17	266	2	1	0	0	91.91	1.76	0.00
MAG510	k__Bacteria (UID3187)	2258	188	117	56	128	4	0	0	0	64.94	1.81	25.00
MAG511	k__Bacteria (UID1452)	924	151	101	43	106	2	0	0	0	63.70	0.69	0.00
MAG512	o__Actinomycetales (UID1696)	455	315	190	39	275	1	0	0	0	86.86	0.53	0.00
MAG513	k__Bacteria (UID2565)	2921	142	87	7	135	0	0	0	0	91.95	0.00	0.00
MAG514	o__Burkholderiales (UID4001)	108	552	243	26	526	0	0	0	0	95.89	0.00	0.00
MAG515	k__Bacteria (UID2570)	433	272	182	24	245	3	0	0	0	90.92	1.65	100.00
MAG516	k__Bacteria (UID3187)	2258	188	117	4	178	6	0	0	0	96.58	5.13	0.00
MAG517	k__Bacteria (UID2982)	88	230	148	19	206	5	0	0	0	89.19	2.39	0.00
MAG518	o__Burkholderiales (UID4000)	193	427	214	46	376	5	0	0	0	86.71	0.76	20.00
MAG519	k__Bacteria (UID2565)	2921	142	87	49	89	4	0	0	0	66.31	1.46	25.00
MAG520	k__Bacteria (UID1453)	901	171	117	25	143	3	0	0	0	81.34	1.71	0.00
MAG521	k__Bacteria (UID1452)	924	161	108	43	117	1	0	0	0	64.81	0.93	100.00
MAG522	k__Bacteria (UID2565)	2921	152	93	58	92	2	0	0	0	59.74	1.17	0.00
MAG523	k__Bacteria (UID3187)	2258	190	119	90	99	1	0	0	0	51.00	0.84	0.00
MAG524	k__Bacteria (UID2982)	88	229	147	27	199	3	0	0	0	87.56	1.25	33.33
MAG525	k__Bacteria (UID2570)	433	272	182	52	217	3	0	0	0	84.98	1.21	0.00
MAG526	o__Actinomycetales (UID1696)	455	315	190	53	261	1	0	0	0	84.85	0.13	0.00
MAG527	k__Bacteria (UID209)	5443	105	59	4	98	3	0	0	0	93.22	3.39	33.33
MAG528	p__Bacteroidetes (UID2591)	364	303	203	22	268	11	2	0	0	97.40	6.28	5.88
MAG529	k__Bacteria (UID2982)	88	230	148	12	213	5	0	0	0	93.65	3.04	20.00
MAG530	c__Gammaproteobacteria (UID4274)	112	580	289	16	559	5	0	0	0	96.42	1.38	20.00
MAG531	k__Bacteria (UID2569)	434	278	186	1	276	1	0	0	0	99.46	0.02	100.00
MAG532	k__Bacteria (UID2495)	2993	143	89	17	124	2	0	0	0	83.15	2.25	0.00
MAG533	k__Bacteria (UID2982)	88	230	148	67	161	2	0	0	0	68.51	1.35	0.00
MAG534	k__Bacteria (UID3187)	2258	185	114	27	156	2	0	0	0	78.51	1.75	0.00
MAG535	p__Proteobacteria (UID3887)	1487	259	162	76	180	3	0	0	0	66.00	0.97	33.33
MAG536	c__Alphaproteobacteria (UID3305)	564	348	229	5	339	4	0	0	0	97.82	1.31	25.00
MAG537	k__Bacteria (UID2565)	2921	144	89	50	90	4	0	0	0	61.93	2.45	0.00
MAG538	k__Bacteria (UID1453)	901	171	117	13	157	1	0	0	0	90.85	0.85	0.00
MAG539	o__Burkholderiales (UID4000)	193	427	214	8	415	4	0	0	0	96.57	0.50	25.00
MAG540	k__Bacteria (UID2569)	434	278	186	4	271	3	0	0	0	98.39	1.34	0.00
MAG541	k__Bacteria (UID203)	5449	104	58	17	87	0	0	0	0	75.55	0.00	0.00
MAG542	k__Bacteria (UID2495)	2993	143	89	26	117	0	0	0	0	75.09	0.00	0.00
MAG543	k__Bacteria (UID1452)	924	161	108	56	105	0	0	0	0	58.18	0.00	0.00
MAG544	k__Bacteria (UID2982)	88	230	148	29	181	18	2	0	0	91.31	9.62	0.00
MAG545	p__Bacteroidetes (UID2605)	350	316	210	14	297	5	0	0	0	93.81	1.51	60.00
MAG546	k__Bacteria (UID203)	5449	104	58	37	66	1	0	0	0	52.80	1.72	100.00
MAG547	p__Bacteroidetes (UID2605)	350	316	210	3	312	1	0	0	0	98.81	0.48	0.00
MAG548	o__Clostridiales (UID1212)	172	263	149	59	195	8	1	0	0	73.35	2.16	0.00
MAG549	p__Bacteroidetes (UID2591)	364	303	203	5	297	1	0	0	0	97.54	0.49	100.00
MAG550	k__Bacteria (UID2982)	88	230	148	3	225	2	0	0	0	97.97	1.35	0.00
MAG551	k__Bacteria (UID203)	5449	104	58	22	82	0	0	0	0	83.62	0.00	0.00
MAG552	k__Bacteria (UID2565)	2921	142	87	36	105	1	0	0	0	76.88	1.15	100.00
MAG553	k__Bacteria (UID203)	5449	104	58	31	71	2	0	0	0	62.45	2.59	0.00
MAG554	k__Bacteria (UID1453)	901	171	117	54	116	1	0	0	0	59.37	0.85	100.00
MAG555	k__Bacteria (UID1452)	924	151	101	31	120	0	0	0	0	72.77	0.00	0.00
MAG556	k__Bacteria (UID1452)	924	161	108	44	105	12	0	0	0	64.81	5.04	0.00
MAG557	o__Rhizobiales (UID3654)	92	481	319	16	464	1	0	0	0	95.99	0.31	100.00
MAG558	k__Bacteria (UID2982)	88	227	146	8	219	0	0	0	0	94.52	0.00	0.00
MAG559	k__Bacteria (UID1453)	901	171	117	54	117	0	0	0	0	61.08	0.00	0.00
MAG560	k__Bacteria (UID1452)	924	161	108	15	135	11	0	0	0	86.57	4.63	9.09
MAG561	k__Bacteria (UID1452)	924	161	108	12	146	3	0	0	0	90.28	2.78	0.00
MAG562	k__Bacteria (UID2982)	88	229	147	64	149	16	0	0	0	67.06	4.08	6.25
MAG563	k__Bacteria (UID1452)	924	161	108	49	99	12	1	0	0	67.46	7.46	53.33
MAG564	p__Bacteroidetes (UID2605)	350	316	210	23	293	0	0	0	0	92.39	0.00	0.00
MAG565	p__Bacteroidetes (UID2605)	350	316	210	32	255	27	2	0	0	89.98	5.89	42.42
MAG566	k__Bacteria (UID1453)	901	171	117	9	157	5	0	0	0	94.02	3.85	20.00
MAG567	o__Actinomycetales (UID1572)	580	286	171	98	173	14	1	0	0	65.03	6.58	17.65
MAG568	k__Bacteria (UID2982)	88	230	148	68	159	3	0	0	0	72.07	2.03	33.33
MAG569	o__Burkholderiales (UID4000)	193	427	214	51	361	14	1	0	0	86.04	3.24	29.41
MAG570	k__Bacteria (UID1452)	924	151	101	36	115	0	0	0	0	69.70	0.00	0.00
MAG571	k__Bacteria (UID203)	5449	104	58	9	94	1	0	0	0	86.49	0.86	0.00
MAG572	k__Bacteria (UID2495)	2993	143	89	22	120	1	0	0	0	78.96	1.12	0.00
MAG573	k__Bacteria (UID2982)	88	230	148	27	198	4	0	1	0	84.29	3.12	10.00
MAG574	k__Bacteria (UID2565)	2921	140	85	20	119	1	0	0	0	81.37	0.07	0.00
MAG575	c__Alphaproteobacteria (UID3305)	564	349	230	2	345	2	0	0	0	99.13	0.65	50.00
MAG576	o__Actinomycetales (UID1696)	455	315	190	43	265	7	0	0	0	85.94	0.44	100.00
MAG577	k__Bacteria (UID203)	5449	104	58	48	53	3	0	0	0	57.66	3.45	0.00
MAG578	c__Alphaproteobacteria (UID3422)	26	529	308	34	491	4	0	0	0	92.42	0.87	25.00
MAG579	k__Bacteria (UID1453)	901	171	117	45	119	7	0	0	0	66.08	4.27	0.00
MAG580	k__Bacteria (UID3187)	2258	185	114	8	175	2	0	0	0	92.98	1.05	0.00
MAG581	k__Bacteria (UID2565)	2921	152	93	38	113	1	0	0	0	68.22	1.08	0.00
MAG582	p__Actinobacteria (UID1454)	732	199	116	44	152	3	0	0	0	76.87	1.58	33.33
MAG583	p__Cyanobacteria (UID2189)	82	579	450	7	571	1	0	0	0	98.56	0.11	100.00
MAG584	o__Burkholderiales (UID4001)	108	570	250	103	443	24	0	0	0	78.71	5.25	8.33
MAG585	p__Actinobacteria (UID1454)	732	200	117	8	190	2	0	0	0	94.02	1.71	50.00
MAG586	k__Bacteria (UID2569)	434	278	186	18	251	9	0	0	0	92.42	4.03	0.00
MAG587	k__Bacteria (UID1452)	924	151	101	29	122	0	0	0	0	74.33	0.00	0.00
MAG588	k__Bacteria (UID2495)	2993	143	89	26	117	0	0	0	0	74.62	0.00	0.00
MAG589	k__Bacteria (UID2982)	88	230	148	8	221	1	0	0	0	94.59	0.68	0.00
MAG590	k__Bacteria (UID2569)	434	278	186	17	252	9	0	0	0	92.38	4.03	11.11
MAG591	k__Bacteria (UID2495)	2993	143	89	44	97	2	0	0	0	62.14	2.25	50.00
MAG592	o__Actinomycetales (UID1663)	488	310	185	30	276	3	1	0	0	90.81	2.22	16.67
MAG593	k__Bacteria (UID203)	5449	104	58	16	71	17	0	0	0	81.43	9.12	0.00
MAG594	k__Bacteria (UID2982)	88	227	146	18	204	5	0	0	0	91.15	2.74	40.00
MAG595	c__Gammaproteobacteria (UID4202)	67	481	276	18	454	8	1	0	0	95.11	2.55	9.09
MAG596	k__Bacteria (UID2982)	88	230	148	74	142	12	2	0	0	63.88	6.62	27.78
MAG597	c__Gammaproteobacteria (UID4274)	112	581	290	83	483	14	0	0	1	89.77	2.74	12.50
MAG598	o__Burkholderiales (UID4000)	193	427	214	7	416	4	0	0	0	98.01	0.29	0.00
MAG599	k__Bacteria (UID2329)	174	149	89	56	93	0	0	0	0	63.29	0.00	0.00
MAG600	k__Bacteria (UID203)	5449	104	58	43	56	5	0	0	0	60.22	5.04	0.00
MAG601	k__Bacteria (UID1452)	924	151	101	33	114	3	1	0	0	71.78	2.31	0.00
MAG602	o__Actinomycetales (UID1663)	488	310	185	53	254	3	0	0	0	78.62	0.40	66.67
MAG603	k__Bacteria (UID203)	5449	104	58	10	94	0	0	0	0	87.20	0.00	0.00
MAG604	k__Bacteria (UID2982)	88	230	148	35	181	14	0	0	0	81.67	5.67	42.86
MAG605	o__Actinomycetales (UID1696)	455	315	190	8	306	1	0	0	0	98.32	0.18	0.00
MAG606	k__Bacteria (UID2565)	2921	142	87	5	137	0	0	0	0	95.33	0.00	0.00
MAG607	p__Cyanobacteria (UID2182)	89	544	424	13	527	4	0	0	0	97.25	0.94	50.00
MAG608	p__Cyanobacteria (UID2189)	82	579	450	7	552	18	2	0	0	98.78	2.40	12.50
MAG609	k__Bacteria (UID203)	5449	104	58	15	89	0	0	0	0	76.57	0.00	0.00
MAG610	k__Bacteria (UID2982)	88	230	148	5	223	2	0	0	0	97.93	0.71	50.00
MAG611	k__Bacteria (UID2982)	88	230	148	36	184	10	0	0	0	83.98	3.79	40.00
MAG612	k__Bacteria (UID1453)	901	171	117	54	117	0	0	0	0	60.58	0.00	0.00
MAG613	o__Actinomycetales (UID1696)	455	315	190	20	294	1	0	0	0	91.64	0.53	0.00
MAG614	c__Alphaproteobacteria (UID3305)	564	349	230	106	239	4	0	0	0	73.39	1.34	25.00
MAG615	p__Cyanobacteria (UID2192)	79	584	458	10	572	2	0	0	0	98.18	0.44	0.00
MAG616	c__Gammaproteobacteria (UID4274)	112	575	289	17	554	4	0	0	0	96.90	0.78	0.00
MAG617	k__Bacteria (UID1453)	901	171	117	14	152	5	0	0	0	92.72	3.85	0.00
MAG618	k__Bacteria (UID2982)	88	230	148	82	146	2	0	0	0	61.57	0.81	0.00
MAG619	p__Cyanobacteria (UID2143)	129	472	368	158	306	8	0	0	0	65.81	2.17	62.50
MAG620	k__Bacteria (UID203)	5449	104	58	19	85	0	0	0	0	73.67	0.00	0.00
MAG621	k__Bacteria (UID1452)	924	161	108	72	84	5	0	0	0	50.03	1.44	0.00
MAG622	o__Actinomycetales (UID1696)	455	315	190	50	265	0	0	0	0	86.92	0.00	0.00
MAG623	k__Bacteria (UID2495)	2993	141	87	17	123	1	0	0	0	82.18	1.15	0.00
MAG624	p__Bacteroidetes (UID2591)	364	302	202	17	282	3	0	0	0	92.82	0.55	0.00
MAG625	k__Bacteria (UID2982)	88	230	148	9	212	8	1	0	0	93.92	3.26	0.00
MAG626	k__Bacteria (UID2495)	2993	143	89	21	122	0	0	0	0	79.03	0.00	0.00
MAG627	k__Bacteria (UID2569)	434	278	186	4	271	3	0	0	0	98.48	1.61	0.00
MAG628	k__Bacteria (UID1452)	924	163	110	43	116	4	0	0	0	75.11	3.64	25.00
MAG629	k__Bacteria (UID2982)	88	230	148	4	222	4	0	0	0	97.97	2.06	0.00
MAG630	k__Bacteria (UID1452)	924	161	108	37	120	3	1	0	0	79.34	4.17	50.00
MAG631	k__Bacteria (UID1453)	901	171	117	55	115	1	0	0	0	58.95	0.85	0.00
MAG632	k__Bacteria (UID203)	5449	104	58	11	85	8	0	0	0	85.48	1.96	0.00
MAG633	o__Actinomycetales (UID1696)	455	315	190	56	251	8	0	0	0	81.39	3.95	87.50
MAG634	o__Actinomycetales (UID1696)	455	315	190	73	242	0	0	0	0	72.49	0.00	0.00
MAG635	k__Bacteria (UID2982)	88	230	148	3	226	1	0	0	0	99.88	0.68	0.00
MAG636	k__Bacteria (UID2982)	88	230	148	0	229	1	0	0	0	100.00	0.68	0.00
MAG637	p__Bacteroidetes (UID2591)	364	303	203	2	297	4	0	0	0	99.01	1.72	0.00
MAG638	c__Betaproteobacteria (UID3971)	223	425	211	11	388	26	0	0	0	96.21	3.27	7.69
MAG639	c__Gammaproteobacteria (UID4274)	112	580	289	29	545	6	0	0	0	94.49	0.98	0.00
MAG640	p__Euryarchaeota (UID54)	90	234	153	56	175	3	0	0	0	83.59	1.96	0.00
MAG641	k__Bacteria (UID203)	5449	104	58	15	88	1	0	0	0	80.15	1.72	0.00
MAG642	k__Bacteria (UID2565)	2921	143	88	43	98	2	0	0	0	61.44	1.20	0.00
MAG643	k__Bacteria (UID1452)	924	161	108	42	118	1	0	0	0	65.28	0.93	0.00
MAG644	k__Bacteria (UID2982)	88	230	148	40	180	9	1	0	0	81.99	5.56	0.00
MAG645	p__Cyanobacteria (UID2182)	89	544	424	5	534	4	1	0	0	98.82	0.94	0.00
MAG646	k__Bacteria (UID2982)	88	230	148	19	197	14	0	0	0	92.82	4.60	50.00
MAG647	c__Deltaproteobacteria (UID3216)	83	246	155	101	139	6	0	0	0	54.51	2.69	33.33
MAG648	p__Firmicutes (UID241)	930	213	118	7	201	5	0	0	0	95.13	2.54	20.00
MAG649	k__Bacteria (UID2565)	2921	143	88	14	124	5	0	0	0	89.44	4.65	60.00
MAG650	k__Bacteria (UID2495)	2993	143	89	21	122	0	0	0	0	79.59	0.00	0.00
MAG651	k__Bacteria (UID1453)	901	171	117	26	142	3	0	0	0	83.05	2.14	33.33
MAG652	o__Actinomycetales (UID1815)	120	572	265	86	473	13	0	0	0	87.24	1.82	61.54
MAG653	k__Bacteria (UID2329)	174	149	89	22	125	2	0	0	0	78.09	2.25	0.00
MAG654	k__Bacteria (UID3187)	2258	188	117	53	131	4	0	0	0	69.71	2.61	0.00
MAG655	c__Deltaproteobacteria (UID3216)	83	247	155	66	175	6	0	0	0	68.85	3.26	83.33
MAG656	c__Alphaproteobacteria (UID3422)	26	529	308	54	460	14	1	0	0	90.00	2.64	35.29
MAG657	k__Bacteria (UID1452)	924	161	108	52	98	11	0	0	0	61.94	5.86	0.00
MAG658	k__Bacteria (UID2982)	88	230	148	25	204	1	0	0	0	86.09	0.04	100.00
MAG659	c__Betaproteobacteria (UID3959)	235	419	211	9	404	5	1	0	0	97.84	1.51	0.00
MAG660	k__Bacteria (UID2569)	434	278	186	6	263	9	0	0	0	97.31	3.20	0.00
MAG661	k__Bacteria (UID2495)	2993	143	89	23	119	1	0	0	0	78.36	1.12	0.00
MAG662	o__Actinomycetales (UID1663)	488	310	185	35	275	0	0	0	0	86.50	0.00	0.00
MAG663	k__Bacteria (UID2982)	88	230	148	32	194	4	0	0	0	80.91	1.82	0.00
MAG664	k__Bacteria (UID2982)	88	230	148	23	187	19	1	0	0	85.47	7.51	68.18
MAG665	o__Actinomycetales (UID1696)	455	315	190	97	199	18	1	0	0	73.33	5.53	47.62
MAG666	c__Gammaproteobacteria (UID4274)	112	580	289	81	488	10	1	0	0	87.96	2.54	38.46
MAG667	k__Bacteria (UID2565)	2921	152	93	7	141	2	1	1	0	94.74	5.02	9.09
MAG668	k__Bacteria (UID1453)	901	171	117	52	119	0	0	0	0	61.68	0.00	0.00
MAG669	k__Bacteria (UID203)	5449	104	58	22	81	1	0	0	0	78.06	1.72	0.00
MAG670	p__Bacteroidetes (UID2591)	364	303	203	6	295	2	0	0	0	98.62	0.37	0.00
MAG671	k__Bacteria (UID2565)	2921	142	87	7	135	0	0	0	0	92.87	0.00	0.00
MAG672	k__Bacteria (UID1452)	924	161	108	67	90	4	0	0	0	59.17	2.47	0.00
MAG673	k__Bacteria (UID2565)	2921	142	87	5	134	3	0	0	0	94.25	2.53	66.67
MAG674	k__Bacteria (UID2495)	2993	147	91	23	119	5	0	0	0	79.57	5.49	0.00
MAG675	k__Bacteria (UID1453)	901	171	117	58	111	1	1	0	0	55.24	2.56	25.00
MAG676	c__Deltaproteobacteria (UID3216)	83	247	155	6	237	4	0	0	0	96.13	1.34	25.00
MAG677	p__Bacteroidetes (UID2591)	364	303	203	44	259	0	0	0	0	92.75	0.00	0.00
MAG678	k__Bacteria (UID1452)	924	151	101	37	112	2	0	0	0	66.17	1.98	50.00
MAG679	c__Deltaproteobacteria (UID3216)	83	246	155	12	234	0	0	0	0	93.87	0.00	0.00
MAG680	k__Bacteria (UID2982)	88	230	148	74	143	12	1	0	0	64.75	6.71	6.67
MAG681	c__Deltaproteobacteria (UID3216)	83	246	155	1	241	4	0	0	0	99.35	1.34	0.00
MAG682	p__Bacteroidetes (UID2591)	364	303	203	121	179	3	0	0	0	60.94	1.00	0.00
MAG683	o__Actinomycetales (UID1696)	455	315	190	60	252	3	0	0	0	86.47	0.96	66.67
MAG684	c__Betaproteobacteria (UID3888)	323	387	234	41	345	1	0	0	0	89.71	0.43	0.00
MAG685	o__Burkholderiales (UID4001)	108	552	243	24	522	6	0	0	0	95.59	1.29	16.67
MAG686	k__Bacteria (UID1453)	901	171	117	27	134	10	0	0	0	90.60	2.96	0.00
MAG687	k__Bacteria (UID2982)	88	230	148	51	174	5	0	0	0	76.69	2.73	0.00
MAG688	k__Bacteria (UID1452)	924	155	106	56	89	10	0	0	0	54.19	2.35	60.00
MAG689	c__Deltaproteobacteria (UID3216)	83	247	155	6	238	3	0	0	0	96.56	1.94	33.33
MAG690	c__Betaproteobacteria (UID3959)	235	414	210	21	393	0	0	0	0	94.50	0.00	0.00
MAG691	k__Bacteria (UID1452)	924	151	101	18	131	2	0	0	0	85.15	1.98	0.00
MAG692	k__Bacteria (UID2982)	88	230	148	32	183	14	1	0	0	84.28	9.93	5.88
MAG693	k__Bacteria (UID1452)	924	161	108	46	115	0	0	0	0	65.74	0.00	0.00
MAG694	o__Actinomycetales (UID1696)	455	315	190	35	278	2	0	0	0	87.21	0.18	50.00
MAG695	k__Bacteria (UID2495)	2993	139	83	42	97	0	0	0	0	65.32	0.00	0.00
MAG696	o__Rhodospirillales (UID3754)	63	336	201	92	232	12	0	0	0	72.22	2.94	0.00
MAG697	k__Bacteria (UID209)	5443	105	59	47	57	1	0	0	0	53.02	0.15	100.00
MAG698	k__Bacteria (UID2569)	434	278	186	2	275	1	0	0	0	99.44	0.27	0.00
MAG699	o__Rhodospirillales (UID3754)	63	336	201	85	245	6	0	0	0	76.82	2.07	0.00
MAG700	k__Bacteria (UID2982)	88	229	147	33	179	16	1	0	0	82.47	7.45	31.58
MAG701	k__Bacteria (UID1452)	924	151	101	31	109	11	0	0	0	73.60	6.71	45.45
MAG702	k__Bacteria (UID2982)	88	230	148	5	218	7	0	0	0	97.30	1.74	0.00
MAG703	k__Bacteria (UID2565)	2921	142	87	3	139	0	0	0	0	97.63	0.00	0.00
MAG704	k__Bacteria (UID2495)	2993	143	89	58	85	0	0	0	0	56.13	0.00	0.00
MAG705	k__Bacteria (UID1452)	924	161	108	19	142	0	0	0	0	84.72	0.00	0.00
MAG706	k__Bacteria (UID2569)	434	278	186	5	270	3	0	0	0	97.31	1.61	0.00
MAG707	k__Bacteria (UID209)	5443	105	59	35	67	3	0	0	0	56.01	3.54	0.00
MAG708	k__Bacteria (UID203)	5449	104	58	16	87	1	0	0	0	76.41	1.72	0.00
MAG709	c__Betaproteobacteria (UID3959)	235	420	211	51	358	11	0	0	0	88.39	3.57	36.36
MAG710	o__Clostridiales (UID1120)	304	250	143	14	213	22	1	0	0	91.49	8.84	24.00
MAG711	k__Bacteria (UID2982)	88	230	148	59	169	2	0	0	0	68.82	1.35	50.00
MAG712	p__Cyanobacteria (UID2143)	129	472	368	90	376	6	0	0	0	78.31	1.49	66.67
MAG713	k__Bacteria (UID3187)	2258	190	119	42	145	3	0	0	0	72.42	0.15	0.00
MAG714	o__Actinomycetales (UID1663)	488	310	185	86	213	11	0	0	0	74.02	3.96	18.18
MAG715	k__Bacteria (UID2982)	88	230	148	28	192	10	0	0	0	85.54	6.08	30.00
MAG716	c__Gammaproteobacteria (UID4274)	112	580	289	23	557	0	0	0	0	95.01	0.00	0.00
MAG717	k__Bacteria (UID2982)	88	230	148	21	192	17	0	0	0	89.39	4.69	29.41
MAG718	k__Bacteria (UID2569)	434	278	186	25	243	10	0	0	0	95.61	4.05	20.00
MAG719	c__Deltaproteobacteria (UID3216)	83	247	155	50	192	5	0	0	0	78.75	2.60	0.00
MAG720	o__Actinomycetales (UID1696)	455	315	190	68	246	1	0	0	0	83.49	0.26	100.00
MAG721	p__Bacteroidetes (UID2591)	364	303	203	50	252	1	0	0	0	84.01	0.16	0.00
MAG722	c__Deltaproteobacteria (UID3216)	83	247	155	45	202	0	0	0	0	77.74	0.00	0.00
MAG723	k__Bacteria (UID3187)	2258	190	119	22	164	4	0	0	0	84.07	2.57	50.00
MAG724	k__Bacteria (UID2565)	2921	143	88	37	99	7	0	0	0	66.83	4.72	28.57
MAG725	p__Euryarchaeota (UID49)	95	228	153	0	228	0	0	0	0	100.00	0.00	0.00
MAG726	k__Archaea (UID2)	207	149	107	49	100	0	0	0	0	63.55	0.00	0.00
MAG727	c__Clostridia (UID1118)	387	223	124	90	132	1	0	0	0	60.03	0.81	0.00
MAG728	k__Bacteria (UID2569)	434	278	186	33	237	8	0	0	0	89.49	2.01	37.50
MAG729	k__Bacteria (UID1452)	924	160	109	18	139	3	0	0	0	86.75	2.29	0.00
MAG730	k__Bacteria (UID2982)	88	230	148	4	222	4	0	0	0	97.30	2.36	25.00
MAG731	k__Bacteria (UID2982)	88	230	148	27	190	11	2	0	0	87.84	7.43	11.76
MAG732	k__Bacteria (UID3187)	2258	190	119	36	152	2	0	0	0	82.37	1.68	0.00
MAG733	c__Gammaproteobacteria (UID4266)	1097	269	171	19	245	3	1	0	1	90.64	2.83	0.00
MAG734	c__Gammaproteobacteria (UID4274)	112	580	289	3	568	9	0	0	0	99.42	2.13	55.56
MAG735	k__Bacteria (UID203)	5449	104	58	27	77	0	0	0	0	74.14	0.00	0.00
MAG736	k__Bacteria (UID2565)	2921	143	88	4	139	0	0	0	0	96.21	0.00	0.00
MAG737	o__Actinomycetales (UID1696)	455	315	190	50	260	5	0	0	0	85.72	1.63	60.00
MAG738	k__Bacteria (UID2570)	433	273	183	7	258	8	0	0	0	96.89	3.39	0.00
MAG739	p__Cyanobacteria (UID2143)	129	472	368	4	466	1	1	0	0	98.91	0.82	0.00
MAG740	k__Bacteria (UID2565)	2921	142	87	51	91	0	0	0	0	56.81	0.00	0.00
MAG741	f__Rhodobacteraceae (UID3340)	84	568	330	35	525	8	0	0	0	93.76	1.54	25.00
MAG742	k__Bacteria (UID203)	5449	104	58	12	92	0	0	0	0	82.18	0.00	0.00
MAG743	k__Bacteria (UID2329)	174	149	89	28	118	3	0	0	0	75.61	1.40	0.00
MAG744	k__Bacteria (UID1453)	901	171	117	58	110	3	0	0	0	56.55	2.56	0.00
MAG745	k__Bacteria (UID2982)	88	230	148	7	221	2	0	0	0	97.30	1.01	50.00
MAG746	p__Bacteroidetes (UID2591)	364	303	203	16	280	6	1	0	0	97.04	2.96	44.44
MAG747	p__Bacteroidetes (UID2605)	350	316	210	5	301	9	1	0	0	97.62	3.97	0.00
MAG748	p__Cyanobacteria (UID2182)	89	544	424	132	409	3	0	0	0	72.44	0.59	0.00
MAG749	o__Actinomycetales (UID1696)	455	315	190	42	268	5	0	0	0	84.61	1.47	40.00
MAG750	k__Bacteria (UID2982)	88	230	148	6	219	5	0	0	0	96.62	3.38	0.00
MAG751	k__Bacteria (UID2982)	88	230	148	9	215	5	1	0	0	95.57	3.19	12.50
MAG752	p__Bacteroidetes (UID2605)	350	316	210	47	249	19	1	0	0	81.93	4.70	0.00
MAG753	k__Bacteria (UID2982)	88	227	146	72	143	12	0	0	0	64.92	5.49	0.00
MAG754	k__Bacteria (UID2982)	88	230	148	10	213	7	0	0	0	93.24	3.75	0.00
MAG755	k__Bacteria (UID2495)	2993	143	89	37	103	3	0	0	0	65.83	2.35	0.00
MAG756	o__Burkholderiales (UID4000)	193	426	214	15	389	22	0	0	0	93.69	4.10	50.00
